Year,CO2_ppm,Source
-796562,191,"EPICA Dome C and  Vostok Station,  Antarctica"
-795149,188.4,"EPICA Dome C and  Vostok Station,  Antarctica"
-794517,189.3,"EPICA Dome C and  Vostok Station,  Antarctica"
-793252,195.2,"EPICA Dome C and  Vostok Station,  Antarctica"
-792658,199.4,"EPICA Dome C and  Vostok Station,  Antarctica"
-791310,209,"EPICA Dome C and  Vostok Station,  Antarctica"
-790993,204,"EPICA Dome C and  Vostok Station,  Antarctica"
-790131,205.1,"EPICA Dome C and  Vostok Station,  Antarctica"
-789541,215.4,"EPICA Dome C and  Vostok Station,  Antarctica"
-788588,221.3,"EPICA Dome C and  Vostok Station,  Antarctica"
-788203,218.2,"EPICA Dome C and  Vostok Station,  Antarctica"
-787431,226.3,"EPICA Dome C and  Vostok Station,  Antarctica"
-786937,229.5,"EPICA Dome C and  Vostok Station,  Antarctica"
-786083,247.9,"EPICA Dome C and  Vostok Station,  Antarctica"
-785855,248.1,"EPICA Dome C and  Vostok Station,  Antarctica"
-785126,256.9,"EPICA Dome C and  Vostok Station,  Antarctica"
-784637,260.3,"EPICA Dome C and  Vostok Station,  Antarctica"
-783839,255.4,"EPICA Dome C and  Vostok Station,  Antarctica"
-783463,253.3,"EPICA Dome C and  Vostok Station,  Antarctica"
-782742,250.7,"EPICA Dome C and  Vostok Station,  Antarctica"
-782197,246.9,"EPICA Dome C and  Vostok Station,  Antarctica"
-781313,252.1,"EPICA Dome C and  Vostok Station,  Antarctica"
-780109,246.2,"EPICA Dome C and  Vostok Station,  Antarctica"
-779585,248.7,"EPICA Dome C and  Vostok Station,  Antarctica"
-778662,242.8,"EPICA Dome C and  Vostok Station,  Antarctica"
-778318,248.5,"EPICA Dome C and  Vostok Station,  Antarctica"
-777414,243.9,"EPICA Dome C and  Vostok Station,  Antarctica"
-776848,245.8,"EPICA Dome C and  Vostok Station,  Antarctica"
-775950,246.1,"EPICA Dome C and  Vostok Station,  Antarctica"
-775606,246.3,"EPICA Dome C and  Vostok Station,  Antarctica"
-774686,243.9,"EPICA Dome C and  Vostok Station,  Antarctica"
-774087,238.8,"EPICA Dome C and  Vostok Station,  Antarctica"
-773101,240.5,"EPICA Dome C and  Vostok Station,  Antarctica"
-772598,236.9,"EPICA Dome C and  Vostok Station,  Antarctica"
-771730,233.3,"EPICA Dome C and  Vostok Station,  Antarctica"
-771093,230,"EPICA Dome C and  Vostok Station,  Antarctica"
-770126,230.9,"EPICA Dome C and  Vostok Station,  Antarctica"
-769758,229.5,"EPICA Dome C and  Vostok Station,  Antarctica"
-769310,237.7,"EPICA Dome C and  Vostok Station,  Antarctica"
-769044,235.6,"EPICA Dome C and  Vostok Station,  Antarctica"
-768774,238.2,"EPICA Dome C and  Vostok Station,  Antarctica"
-768497,235.6,"EPICA Dome C and  Vostok Station,  Antarctica"
-768183,231.5,"EPICA Dome C and  Vostok Station,  Antarctica"
-767837,226,"EPICA Dome C and  Vostok Station,  Antarctica"
-767564,228.1,"EPICA Dome C and  Vostok Station,  Antarctica"
-767100,221.4,"EPICA Dome C and  Vostok Station,  Antarctica"
-766705,222.4,"EPICA Dome C and  Vostok Station,  Antarctica"
-765787,217.7,"EPICA Dome C and  Vostok Station,  Antarctica"
-765146,213.5,"EPICA Dome C and  Vostok Station,  Antarctica"
-764160,215.7,"EPICA Dome C and  Vostok Station,  Antarctica"
-763785,216.8,"EPICA Dome C and  Vostok Station,  Antarctica"
-762883,222.6,"EPICA Dome C and  Vostok Station,  Antarctica"
-762299,224.1,"EPICA Dome C and  Vostok Station,  Antarctica"
-761984,221.4,"EPICA Dome C and  Vostok Station,  Antarctica"
-761736,225.7,"EPICA Dome C and  Vostok Station,  Antarctica"
-761369,215,"EPICA Dome C and  Vostok Station,  Antarctica"
-760921,216,"EPICA Dome C and  Vostok Station,  Antarctica"
-760114,212,"EPICA Dome C and  Vostok Station,  Antarctica"
-759503,206.1,"EPICA Dome C and  Vostok Station,  Antarctica"
-758550,206.9,"EPICA Dome C and  Vostok Station,  Antarctica"
-758252,208.8,"EPICA Dome C and  Vostok Station,  Antarctica"
-757356,214.9,"EPICA Dome C and  Vostok Station,  Antarctica"
-756933,217.9,"EPICA Dome C and  Vostok Station,  Antarctica"
-756525,217.6,"EPICA Dome C and  Vostok Station,  Antarctica"
-756309,215.3,"EPICA Dome C and  Vostok Station,  Antarctica"
-756012,219.2,"EPICA Dome C and  Vostok Station,  Antarctica"
-755611,215,"EPICA Dome C and  Vostok Station,  Antarctica"
-754921,210.7,"EPICA Dome C and  Vostok Station,  Antarctica"
-754407,206,"EPICA Dome C and  Vostok Station,  Antarctica"
-753545,201.9,"EPICA Dome C and  Vostok Station,  Antarctica"
-753291,200.5,"EPICA Dome C and  Vostok Station,  Antarctica"
-752444,195.8,"EPICA Dome C and  Vostok Station,  Antarctica"
-752034,191.5,"EPICA Dome C and  Vostok Station,  Antarctica"
-751028,196.5,"EPICA Dome C and  Vostok Station,  Antarctica"
-750655,188,"EPICA Dome C and  Vostok Station,  Antarctica"
-749880,190.1,"EPICA Dome C and  Vostok Station,  Antarctica"
-749351,186.2,"EPICA Dome C and  Vostok Station,  Antarctica"
-748526,184,"EPICA Dome C and  Vostok Station,  Antarctica"
-748244,184.8,"EPICA Dome C and  Vostok Station,  Antarctica"
-747451,182.9,"EPICA Dome C and  Vostok Station,  Antarctica"
-746963,181.4,"EPICA Dome C and  Vostok Station,  Antarctica"
-746151,180.4,"EPICA Dome C and  Vostok Station,  Antarctica"
-745809,180.8,"EPICA Dome C and  Vostok Station,  Antarctica"
-745160,180.8,"EPICA Dome C and  Vostok Station,  Antarctica"
-744693,183.1,"EPICA Dome C and  Vostok Station,  Antarctica"
-743886,180.2,"EPICA Dome C and  Vostok Station,  Antarctica"
-742893,182,"EPICA Dome C and  Vostok Station,  Antarctica"
-742404,181.2,"EPICA Dome C and  Vostok Station,  Antarctica"
-741639,180.4,"EPICA Dome C and  Vostok Station,  Antarctica"
-741283,181.7,"EPICA Dome C and  Vostok Station,  Antarctica"
-740608,182.3,"EPICA Dome C and  Vostok Station,  Antarctica"
-740125,177.9,"EPICA Dome C and  Vostok Station,  Antarctica"
-739357,176.6,"EPICA Dome C and  Vostok Station,  Antarctica"
-739071,178.6,"EPICA Dome C and  Vostok Station,  Antarctica"
-738327,178.9,"EPICA Dome C and  Vostok Station,  Antarctica"
-737892,185,"EPICA Dome C and  Vostok Station,  Antarctica"
-737187,197.8,"EPICA Dome C and  Vostok Station,  Antarctica"
-736894,200.3,"EPICA Dome C and  Vostok Station,  Antarctica"
-736322,206.5,"EPICA Dome C and  Vostok Station,  Antarctica"
-735939,210.6,"EPICA Dome C and  Vostok Station,  Antarctica"
-735316,211.3,"EPICA Dome C and  Vostok Station,  Antarctica"
-735084,208.1,"EPICA Dome C and  Vostok Station,  Antarctica"
-734510,209.7,"EPICA Dome C and  Vostok Station,  Antarctica"
-734129,204.1,"EPICA Dome C and  Vostok Station,  Antarctica"
-733509,201.3,"EPICA Dome C and  Vostok Station,  Antarctica"
-733217,201.7,"EPICA Dome C and  Vostok Station,  Antarctica"
-732654,207.4,"EPICA Dome C and  Vostok Station,  Antarctica"
-732273,205.3,"EPICA Dome C and  Vostok Station,  Antarctica"
-731593,204.4,"EPICA Dome C and  Vostok Station,  Antarctica"
-731311,203.9,"EPICA Dome C and  Vostok Station,  Antarctica"
-730598,205.9,"EPICA Dome C and  Vostok Station,  Antarctica"
-730191,203.8,"EPICA Dome C and  Vostok Station,  Antarctica"
-729379,204.9,"EPICA Dome C and  Vostok Station,  Antarctica"
-728999,204.1,"EPICA Dome C and  Vostok Station,  Antarctica"
-728349,204,"EPICA Dome C and  Vostok Station,  Antarctica"
-726971,205.4,"EPICA Dome C and  Vostok Station,  Antarctica"
-726618,205.1,"EPICA Dome C and  Vostok Station,  Antarctica"
-725782,205.5,"EPICA Dome C and  Vostok Station,  Antarctica"
-725242,204.5,"EPICA Dome C and  Vostok Station,  Antarctica"
-724372,208.1,"EPICA Dome C and  Vostok Station,  Antarctica"
-723987,206.6,"EPICA Dome C and  Vostok Station,  Antarctica"
-723109,206.3,"EPICA Dome C and  Vostok Station,  Antarctica"
-722495,210.3,"EPICA Dome C and  Vostok Station,  Antarctica"
-721514,213.2,"EPICA Dome C and  Vostok Station,  Antarctica"
-721183,213.4,"EPICA Dome C and  Vostok Station,  Antarctica"
-720089,211.3,"EPICA Dome C and  Vostok Station,  Antarctica"
-719368,206.3,"EPICA Dome C and  Vostok Station,  Antarctica"
-718387,195.2,"EPICA Dome C and  Vostok Station,  Antarctica"
-717844,187.8,"EPICA Dome C and  Vostok Station,  Antarctica"
-716829,184.3,"EPICA Dome C and  Vostok Station,  Antarctica"
-716114,192.9,"EPICA Dome C and  Vostok Station,  Antarctica"
-715115,205,"EPICA Dome C and  Vostok Station,  Antarctica"
-714754,208.1,"EPICA Dome C and  Vostok Station,  Antarctica"
-713800,222.1,"EPICA Dome C and  Vostok Station,  Antarctica"
-713230,217.7,"EPICA Dome C and  Vostok Station,  Antarctica"
-712338,221.7,"EPICA Dome C and  Vostok Station,  Antarctica"
-711893,222.3,"EPICA Dome C and  Vostok Station,  Antarctica"
-710883,218.5,"EPICA Dome C and  Vostok Station,  Antarctica"
-709471,218.7,"EPICA Dome C and  Vostok Station,  Antarctica"
-709154,218.9,"EPICA Dome C and  Vostok Station,  Antarctica"
-708287,220.2,"EPICA Dome C and  Vostok Station,  Antarctica"
-707730,219.7,"EPICA Dome C and  Vostok Station,  Antarctica"
-704459,228.1,"EPICA Dome C and  Vostok Station,  Antarctica"
-704191,228.6,"EPICA Dome C and  Vostok Station,  Antarctica"
-703460,228.5,"EPICA Dome C and  Vostok Station,  Antarctica"
-703023,233.9,"EPICA Dome C and  Vostok Station,  Antarctica"
-702261,231.2,"EPICA Dome C and  Vostok Station,  Antarctica"
-701984,231.2,"EPICA Dome C and  Vostok Station,  Antarctica"
-701434,232.8,"EPICA Dome C and  Vostok Station,  Antarctica"
-701038,232.4,"EPICA Dome C and  Vostok Station,  Antarctica"
-700431,230.3,"EPICA Dome C and  Vostok Station,  Antarctica"
-700208,229.3,"EPICA Dome C and  Vostok Station,  Antarctica"
-699656,228.8,"EPICA Dome C and  Vostok Station,  Antarctica"
-699292,228.2,"EPICA Dome C and  Vostok Station,  Antarctica"
-698794,227.6,"EPICA Dome C and  Vostok Station,  Antarctica"
-698439,228.7,"EPICA Dome C and  Vostok Station,  Antarctica"
-697959,226,"EPICA Dome C and  Vostok Station,  Antarctica"
-697683,227.6,"EPICA Dome C and  Vostok Station,  Antarctica"
-697152,227.7,"EPICA Dome C and  Vostok Station,  Antarctica"
-696930,226.4,"EPICA Dome C and  Vostok Station,  Antarctica"
-696436,228,"EPICA Dome C and  Vostok Station,  Antarctica"
-696170,231,"EPICA Dome C and  Vostok Station,  Antarctica"
-695710,232.2,"EPICA Dome C and  Vostok Station,  Antarctica"
-695381,232.4,"EPICA Dome C and  Vostok Station,  Antarctica"
-695013,232.9,"EPICA Dome C and  Vostok Station,  Antarctica"
-694767,235.4,"EPICA Dome C and  Vostok Station,  Antarctica"
-694337,234.8,"EPICA Dome C and  Vostok Station,  Antarctica"
-694112,234.6,"EPICA Dome C and  Vostok Station,  Antarctica"
-693668,237.6,"EPICA Dome C and  Vostok Station,  Antarctica"
-693433,236.7,"EPICA Dome C and  Vostok Station,  Antarctica"
-692991,236.9,"EPICA Dome C and  Vostok Station,  Antarctica"
-692722,235.8,"EPICA Dome C and  Vostok Station,  Antarctica"
-692350,234.4,"EPICA Dome C and  Vostok Station,  Antarctica"
-692118,235.4,"EPICA Dome C and  Vostok Station,  Antarctica"
-691689,234.1,"EPICA Dome C and  Vostok Station,  Antarctica"
-691483,234.1,"EPICA Dome C and  Vostok Station,  Antarctica"
-691040,234.8,"EPICA Dome C and  Vostok Station,  Antarctica"
-690815,232.9,"EPICA Dome C and  Vostok Station,  Antarctica"
-690388,235.9,"EPICA Dome C and  Vostok Station,  Antarctica"
-690107,235.5,"EPICA Dome C and  Vostok Station,  Antarctica"
-689722,236.6,"EPICA Dome C and  Vostok Station,  Antarctica"
-689482,235.6,"EPICA Dome C and  Vostok Station,  Antarctica"
-689049,234,"EPICA Dome C and  Vostok Station,  Antarctica"
-688821,240,"EPICA Dome C and  Vostok Station,  Antarctica"
-688344,234.8,"EPICA Dome C and  Vostok Station,  Antarctica"
-688107,235.6,"EPICA Dome C and  Vostok Station,  Antarctica"
-687653,239.9,"EPICA Dome C and  Vostok Station,  Antarctica"
-687354,235.8,"EPICA Dome C and  Vostok Station,  Antarctica"
-686931,234.9,"EPICA Dome C and  Vostok Station,  Antarctica"
-686702,235.8,"EPICA Dome C and  Vostok Station,  Antarctica"
-686245,233,"EPICA Dome C and  Vostok Station,  Antarctica"
-685999,232.3,"EPICA Dome C and  Vostok Station,  Antarctica"
-685520,228.8,"EPICA Dome C and  Vostok Station,  Antarctica"
-685277,228.7,"EPICA Dome C and  Vostok Station,  Antarctica"
-684776,227.3,"EPICA Dome C and  Vostok Station,  Antarctica"
-684475,224.3,"EPICA Dome C and  Vostok Station,  Antarctica"
-684030,224.4,"EPICA Dome C and  Vostok Station,  Antarctica"
-683766,223.5,"EPICA Dome C and  Vostok Station,  Antarctica"
-683267,219.7,"EPICA Dome C and  Vostok Station,  Antarctica"
-682999,219.5,"EPICA Dome C and  Vostok Station,  Antarctica"
-682469,219.4,"EPICA Dome C and  Vostok Station,  Antarctica"
-682192,217.5,"EPICA Dome C and  Vostok Station,  Antarctica"
-681662,217.5,"EPICA Dome C and  Vostok Station,  Antarctica"
-681312,218.7,"EPICA Dome C and  Vostok Station,  Antarctica"
-680812,221.3,"EPICA Dome C and  Vostok Station,  Antarctica"
-680496,222.6,"EPICA Dome C and  Vostok Station,  Antarctica"
-679899,219.7,"EPICA Dome C and  Vostok Station,  Antarctica"
-679581,217.3,"EPICA Dome C and  Vostok Station,  Antarctica"
-678970,216.2,"EPICA Dome C and  Vostok Station,  Antarctica"
-678658,218.4,"EPICA Dome C and  Vostok Station,  Antarctica"
-678131,225,"EPICA Dome C and  Vostok Station,  Antarctica"
-677782,223,"EPICA Dome C and  Vostok Station,  Antarctica"
-677302,230.3,"EPICA Dome C and  Vostok Station,  Antarctica"
-676964,230.8,"EPICA Dome C and  Vostok Station,  Antarctica"
-676341,230,"EPICA Dome C and  Vostok Station,  Antarctica"
-676034,226.5,"EPICA Dome C and  Vostok Station,  Antarctica"
-675430,217.4,"EPICA Dome C and  Vostok Station,  Antarctica"
-675118,215.6,"EPICA Dome C and  Vostok Station,  Antarctica"
-674574,214,"EPICA Dome C and  Vostok Station,  Antarctica"
-674220,217.4,"EPICA Dome C and  Vostok Station,  Antarctica"
-673639,220,"EPICA Dome C and  Vostok Station,  Antarctica"
-672571,213.7,"EPICA Dome C and  Vostok Station,  Antarctica"
-672223,209.2,"EPICA Dome C and  Vostok Station,  Antarctica"
-671525,202.3,"EPICA Dome C and  Vostok Station,  Antarctica"
-671145,198.7,"EPICA Dome C and  Vostok Station,  Antarctica"
-670436,194.8,"EPICA Dome C and  Vostok Station,  Antarctica"
-669976,192.5,"EPICA Dome C and  Vostok Station,  Antarctica"
-669336,194.6,"EPICA Dome C and  Vostok Station,  Antarctica"
-668966,192.6,"EPICA Dome C and  Vostok Station,  Antarctica"
-668226,189.3,"EPICA Dome C and  Vostok Station,  Antarctica"
-667801,185.5,"EPICA Dome C and  Vostok Station,  Antarctica"
-666984,178.5,"EPICA Dome C and  Vostok Station,  Antarctica"
-666497,175.6,"EPICA Dome C and  Vostok Station,  Antarctica"
-665619,171.6,"EPICA Dome C and  Vostok Station,  Antarctica"
-665045,172.7,"EPICA Dome C and  Vostok Station,  Antarctica"
-664224,178.5,"EPICA Dome C and  Vostok Station,  Antarctica"
-663695,178.2,"EPICA Dome C and  Vostok Station,  Antarctica"
-662740,185.8,"EPICA Dome C and  Vostok Station,  Antarctica"
-662242,189.1,"EPICA Dome C and  Vostok Station,  Antarctica"
-661256,189,"EPICA Dome C and  Vostok Station,  Antarctica"
-660719,187.8,"EPICA Dome C and  Vostok Station,  Antarctica"
-659700,189.8,"EPICA Dome C and  Vostok Station,  Antarctica"
-659031,186.6,"EPICA Dome C and  Vostok Station,  Antarctica"
-658134,183.9,"EPICA Dome C and  Vostok Station,  Antarctica"
-657574,182.4,"EPICA Dome C and  Vostok Station,  Antarctica"
-656524,189.2,"EPICA Dome C and  Vostok Station,  Antarctica"
-655973,191.3,"EPICA Dome C and  Vostok Station,  Antarctica"
-654932,198.7,"EPICA Dome C and  Vostok Station,  Antarctica"
-654336,198.4,"EPICA Dome C and  Vostok Station,  Antarctica"
-653252,193.2,"EPICA Dome C and  Vostok Station,  Antarctica"
-652523,191.3,"EPICA Dome C and  Vostok Station,  Antarctica"
-651498,185.3,"EPICA Dome C and  Vostok Station,  Antarctica"
-650852,185.8,"EPICA Dome C and  Vostok Station,  Antarctica"
-649606,192,"EPICA Dome C and  Vostok Station,  Antarctica"
-648941,187.8,"EPICA Dome C and  Vostok Station,  Antarctica"
-647648,194.8,"EPICA Dome C and  Vostok Station,  Antarctica"
-646996,192.1,"EPICA Dome C and  Vostok Station,  Antarctica"
-645638,190.5,"EPICA Dome C and  Vostok Station,  Antarctica"
-644773,188.6,"EPICA Dome C and  Vostok Station,  Antarctica"
-643520,194.6,"EPICA Dome C and  Vostok Station,  Antarctica"
-642712,194.1,"EPICA Dome C and  Vostok Station,  Antarctica"
-641254,190.4,"EPICA Dome C and  Vostok Station,  Antarctica"
-640455,190.2,"EPICA Dome C and  Vostok Station,  Antarctica"
-638810,189.1,"EPICA Dome C and  Vostok Station,  Antarctica"
-637898,187.7,"EPICA Dome C and  Vostok Station,  Antarctica"
-636177,194.3,"EPICA Dome C and  Vostok Station,  Antarctica"
-635007,193,"EPICA Dome C and  Vostok Station,  Antarctica"
-633539,193.9,"EPICA Dome C and  Vostok Station,  Antarctica"
-632642,192.1,"EPICA Dome C and  Vostok Station,  Antarctica"
-630906,195.6,"EPICA Dome C and  Vostok Station,  Antarctica"
-630051,199.5,"EPICA Dome C and  Vostok Station,  Antarctica"
-628345,199.9,"EPICA Dome C and  Vostok Station,  Antarctica"
-627496,198.7,"EPICA Dome C and  Vostok Station,  Antarctica"
-626049,205,"EPICA Dome C and  Vostok Station,  Antarctica"
-625261,214.9,"EPICA Dome C and  Vostok Station,  Antarctica"
-624265,227.8,"EPICA Dome C and  Vostok Station,  Antarctica"
-623620,234.3,"EPICA Dome C and  Vostok Station,  Antarctica"
-622740,237.3,"EPICA Dome C and  Vostok Station,  Antarctica"
-621264,238.6,"EPICA Dome C and  Vostok Station,  Antarctica"
-619810,243,"EPICA Dome C and  Vostok Station,  Antarctica"
-618388,245.4,"EPICA Dome C and  Vostok Station,  Antarctica"
-617005,247.9,"EPICA Dome C and  Vostok Station,  Antarctica"
-615594,252.3,"EPICA Dome C and  Vostok Station,  Antarctica"
-614277,252.4,"EPICA Dome C and  Vostok Station,  Antarctica"
-612973,252.5,"EPICA Dome C and  Vostok Station,  Antarctica"
-611759,256,"EPICA Dome C and  Vostok Station,  Antarctica"
-610564,258,"EPICA Dome C and  Vostok Station,  Antarctica"
-609369,259.6,"EPICA Dome C and  Vostok Station,  Antarctica"
-608186,257.7,"EPICA Dome C and  Vostok Station,  Antarctica"
-606979,259.2,"EPICA Dome C and  Vostok Station,  Antarctica"
-605758,254.6,"EPICA Dome C and  Vostok Station,  Antarctica"
-604424,248.5,"EPICA Dome C and  Vostok Station,  Antarctica"
-603126,244.5,"EPICA Dome C and  Vostok Station,  Antarctica"
-601723,239.1,"EPICA Dome C and  Vostok Station,  Antarctica"
-600328,237.9,"EPICA Dome C and  Vostok Station,  Antarctica"
-598932,232.5,"EPICA Dome C and  Vostok Station,  Antarctica"
-597484,229.4,"EPICA Dome C and  Vostok Station,  Antarctica"
-596883,226,"EPICA Dome C and  Vostok Station,  Antarctica"
-596016,219,"EPICA Dome C and  Vostok Station,  Antarctica"
-595493,216.3,"EPICA Dome C and  Vostok Station,  Antarctica"
-594565,216.4,"EPICA Dome C and  Vostok Station,  Antarctica"
-594000,221.2,"EPICA Dome C and  Vostok Station,  Antarctica"
-593239,232.9,"EPICA Dome C and  Vostok Station,  Antarctica"
-592689,238,"EPICA Dome C and  Vostok Station,  Antarctica"
-591920,238.1,"EPICA Dome C and  Vostok Station,  Antarctica"
-591465,233.2,"EPICA Dome C and  Vostok Station,  Antarctica"
-590747,229.4,"EPICA Dome C and  Vostok Station,  Antarctica"
-590329,225.7,"EPICA Dome C and  Vostok Station,  Antarctica"
-588943,237.4,"EPICA Dome C and  Vostok Station,  Antarctica"
-588385,243.6,"EPICA Dome C and  Vostok Station,  Antarctica"
-587918,248.1,"EPICA Dome C and  Vostok Station,  Antarctica"
-587274,250.2,"EPICA Dome C and  Vostok Station,  Antarctica"
-586766,246.3,"EPICA Dome C and  Vostok Station,  Antarctica"
-586084,238.8,"EPICA Dome C and  Vostok Station,  Antarctica"
-585697,234.4,"EPICA Dome C and  Vostok Station,  Antarctica"
-584943,226,"EPICA Dome C and  Vostok Station,  Antarctica"
-584456,224,"EPICA Dome C and  Vostok Station,  Antarctica"
-581463,210.6,"EPICA Dome C and  Vostok Station,  Antarctica"
-581084,206.7,"EPICA Dome C and  Vostok Station,  Antarctica"
-580441,209.9,"EPICA Dome C and  Vostok Station,  Antarctica"
-580050,215.4,"EPICA Dome C and  Vostok Station,  Antarctica"
-579557,219.4,"EPICA Dome C and  Vostok Station,  Antarctica"
-579210,225.2,"EPICA Dome C and  Vostok Station,  Antarctica"
-578745,230.3,"EPICA Dome C and  Vostok Station,  Antarctica"
-578450,236.2,"EPICA Dome C and  Vostok Station,  Antarctica"
-578069,243.8,"EPICA Dome C and  Vostok Station,  Antarctica"
-577871,244.1,"EPICA Dome C and  Vostok Station,  Antarctica"
-577485,251.5,"EPICA Dome C and  Vostok Station,  Antarctica"
-576907,252.9,"EPICA Dome C and  Vostok Station,  Antarctica"
-576355,249.1,"EPICA Dome C and  Vostok Station,  Antarctica"
-575819,251.1,"EPICA Dome C and  Vostok Station,  Antarctica"
-575292,251.3,"EPICA Dome C and  Vostok Station,  Antarctica"
-574773,251.3,"EPICA Dome C and  Vostok Station,  Antarctica"
-574272,252.9,"EPICA Dome C and  Vostok Station,  Antarctica"
-573780,252.5,"EPICA Dome C and  Vostok Station,  Antarctica"
-573315,248.9,"EPICA Dome C and  Vostok Station,  Antarctica"
-572853,252.1,"EPICA Dome C and  Vostok Station,  Antarctica"
-572403,251.9,"EPICA Dome C and  Vostok Station,  Antarctica"
-571952,251.8,"EPICA Dome C and  Vostok Station,  Antarctica"
-571512,248.7,"EPICA Dome C and  Vostok Station,  Antarctica"
-571087,249.2,"EPICA Dome C and  Vostok Station,  Antarctica"
-570669,247.7,"EPICA Dome C and  Vostok Station,  Antarctica"
-570240,246.3,"EPICA Dome C and  Vostok Station,  Antarctica"
-569825,250.3,"EPICA Dome C and  Vostok Station,  Antarctica"
-569417,251.6,"EPICA Dome C and  Vostok Station,  Antarctica"
-569005,249.6,"EPICA Dome C and  Vostok Station,  Antarctica"
-568598,251.8,"EPICA Dome C and  Vostok Station,  Antarctica"
-568189,251.8,"EPICA Dome C and  Vostok Station,  Antarctica"
-567778,251.3,"EPICA Dome C and  Vostok Station,  Antarctica"
-567381,250,"EPICA Dome C and  Vostok Station,  Antarctica"
-566996,251.3,"EPICA Dome C and  Vostok Station,  Antarctica"
-566606,250.2,"EPICA Dome C and  Vostok Station,  Antarctica"
-566217,253,"EPICA Dome C and  Vostok Station,  Antarctica"
-565827,252.8,"EPICA Dome C and  Vostok Station,  Antarctica"
-565431,253.9,"EPICA Dome C and  Vostok Station,  Antarctica"
-565057,253.2,"EPICA Dome C and  Vostok Station,  Antarctica"
-564669,254.5,"EPICA Dome C and  Vostok Station,  Antarctica"
-564283,253.9,"EPICA Dome C and  Vostok Station,  Antarctica"
-563901,254.3,"EPICA Dome C and  Vostok Station,  Antarctica"
-563516,253.7,"EPICA Dome C and  Vostok Station,  Antarctica"
-563127,251.4,"EPICA Dome C and  Vostok Station,  Antarctica"
-562749,252.6,"EPICA Dome C and  Vostok Station,  Antarctica"
-562361,252.4,"EPICA Dome C and  Vostok Station,  Antarctica"
-561968,251.4,"EPICA Dome C and  Vostok Station,  Antarctica"
-561567,247.6,"EPICA Dome C and  Vostok Station,  Antarctica"
-561165,245.8,"EPICA Dome C and  Vostok Station,  Antarctica"
-560740,245.7,"EPICA Dome C and  Vostok Station,  Antarctica"
-560322,242.3,"EPICA Dome C and  Vostok Station,  Antarctica"
-559896,240.1,"EPICA Dome C and  Vostok Station,  Antarctica"
-559359,234.1,"EPICA Dome C and  Vostok Station,  Antarctica"
-558980,234.6,"EPICA Dome C and  Vostok Station,  Antarctica"
-558509,231.9,"EPICA Dome C and  Vostok Station,  Antarctica"
-558022,231.6,"EPICA Dome C and  Vostok Station,  Antarctica"
-557511,228.3,"EPICA Dome C and  Vostok Station,  Antarctica"
-556979,230.3,"EPICA Dome C and  Vostok Station,  Antarctica"
-556443,230.2,"EPICA Dome C and  Vostok Station,  Antarctica"
-556233,229.7,"EPICA Dome C and  Vostok Station,  Antarctica"
-555937,234.5,"EPICA Dome C and  Vostok Station,  Antarctica"
-555435,238.1,"EPICA Dome C and  Vostok Station,  Antarctica"
-554939,240.4,"EPICA Dome C and  Vostok Station,  Antarctica"
-554774,245.6,"EPICA Dome C and  Vostok Station,  Antarctica"
-554414,250.5,"EPICA Dome C and  Vostok Station,  Antarctica"
-554193,244,"EPICA Dome C and  Vostok Station,  Antarctica"
-553889,249.1,"EPICA Dome C and  Vostok Station,  Antarctica"
-553687,243,"EPICA Dome C and  Vostok Station,  Antarctica"
-553395,241,"EPICA Dome C and  Vostok Station,  Antarctica"
-552881,233.9,"EPICA Dome C and  Vostok Station,  Antarctica"
-552304,226.7,"EPICA Dome C and  Vostok Station,  Antarctica"
-551676,224.3,"EPICA Dome C and  Vostok Station,  Antarctica"
-551011,223.6,"EPICA Dome C and  Vostok Station,  Antarctica"
-550300,220.3,"EPICA Dome C and  Vostok Station,  Antarctica"
-550029,222.1,"EPICA Dome C and  Vostok Station,  Antarctica"
-549502,226.3,"EPICA Dome C and  Vostok Station,  Antarctica"
-549174,222.3,"EPICA Dome C and  Vostok Station,  Antarctica"
-548687,221.7,"EPICA Dome C and  Vostok Station,  Antarctica"
-547880,219.9,"EPICA Dome C and  Vostok Station,  Antarctica"
-546983,215.2,"EPICA Dome C and  Vostok Station,  Antarctica"
-546022,213.6,"EPICA Dome C and  Vostok Station,  Antarctica"
-545623,208.8,"EPICA Dome C and  Vostok Station,  Antarctica"
-545063,202.5,"EPICA Dome C and  Vostok Station,  Antarctica"
-544006,204.6,"EPICA Dome C and  Vostok Station,  Antarctica"
-542854,209.7,"EPICA Dome C and  Vostok Station,  Antarctica"
-541726,209.6,"EPICA Dome C and  Vostok Station,  Antarctica"
-540552,210.3,"EPICA Dome C and  Vostok Station,  Antarctica"
-539395,208.1,"EPICA Dome C and  Vostok Station,  Antarctica"
-538204,203.6,"EPICA Dome C and  Vostok Station,  Antarctica"
-537009,205,"EPICA Dome C and  Vostok Station,  Antarctica"
-535820,211.2,"EPICA Dome C and  Vostok Station,  Antarctica"
-534672,212.9,"EPICA Dome C and  Vostok Station,  Antarctica"
-533533,206.4,"EPICA Dome C and  Vostok Station,  Antarctica"
-532414,205,"EPICA Dome C and  Vostok Station,  Antarctica"
-531296,199.4,"EPICA Dome C and  Vostok Station,  Antarctica"
-530169,199.8,"EPICA Dome C and  Vostok Station,  Antarctica"
-529712,190.5,"EPICA Dome C and  Vostok Station,  Antarctica"
-529085,193.8,"EPICA Dome C and  Vostok Station,  Antarctica"
-528735,195.1,"EPICA Dome C and  Vostok Station,  Antarctica"
-528066,200,"EPICA Dome C and  Vostok Station,  Antarctica"
-527690,204.4,"EPICA Dome C and  Vostok Station,  Antarctica"
-527151,211.4,"EPICA Dome C and  Vostok Station,  Antarctica"
-526797,214.5,"EPICA Dome C and  Vostok Station,  Antarctica"
-526312,220.7,"EPICA Dome C and  Vostok Station,  Antarctica"
-525504,220.3,"EPICA Dome C and  Vostok Station,  Antarctica"
-524711,221.2,"EPICA Dome C and  Vostok Station,  Antarctica"
-523958,222.7,"EPICA Dome C and  Vostok Station,  Antarctica"
-523214,224.7,"EPICA Dome C and  Vostok Station,  Antarctica"
-522459,227.8,"EPICA Dome C and  Vostok Station,  Antarctica"
-521716,230.3,"EPICA Dome C and  Vostok Station,  Antarctica"
-520973,233.7,"EPICA Dome C and  Vostok Station,  Antarctica"
-520266,235.8,"EPICA Dome C and  Vostok Station,  Antarctica"
-519602,236.8,"EPICA Dome C and  Vostok Station,  Antarctica"
-518942,241.9,"EPICA Dome C and  Vostok Station,  Antarctica"
-517015,243.5,"EPICA Dome C and  Vostok Station,  Antarctica"
-516384,245.5,"EPICA Dome C and  Vostok Station,  Antarctica"
-515756,247.7,"EPICA Dome C and  Vostok Station,  Antarctica"
-515119,245.3,"EPICA Dome C and  Vostok Station,  Antarctica"
-514467,245.5,"EPICA Dome C and  Vostok Station,  Antarctica"
-513821,246.2,"EPICA Dome C and  Vostok Station,  Antarctica"
-513163,247.2,"EPICA Dome C and  Vostok Station,  Antarctica"
-512479,243,"EPICA Dome C and  Vostok Station,  Antarctica"
-511774,241.5,"EPICA Dome C and  Vostok Station,  Antarctica"
-511047,239.2,"EPICA Dome C and  Vostok Station,  Antarctica"
-510319,238.2,"EPICA Dome C and  Vostok Station,  Antarctica"
-509565,242,"EPICA Dome C and  Vostok Station,  Antarctica"
-508815,235.2,"EPICA Dome C and  Vostok Station,  Antarctica"
-508058,236.4,"EPICA Dome C and  Vostok Station,  Antarctica"
-507297,233.4,"EPICA Dome C and  Vostok Station,  Antarctica"
-506526,240.3,"EPICA Dome C and  Vostok Station,  Antarctica"
-505764,237,"EPICA Dome C and  Vostok Station,  Antarctica"
-505061,238.2,"EPICA Dome C and  Vostok Station,  Antarctica"
-504337,236,"EPICA Dome C and  Vostok Station,  Antarctica"
-503566,235.5,"EPICA Dome C and  Vostok Station,  Antarctica"
-502827,233.9,"EPICA Dome C and  Vostok Station,  Antarctica"
-502133,234.1,"EPICA Dome C and  Vostok Station,  Antarctica"
-501425,232.2,"EPICA Dome C and  Vostok Station,  Antarctica"
-500675,232,"EPICA Dome C and  Vostok Station,  Antarctica"
-499916,231.2,"EPICA Dome C and  Vostok Station,  Antarctica"
-499180,230.8,"EPICA Dome C and  Vostok Station,  Antarctica"
-498413,228.2,"EPICA Dome C and  Vostok Station,  Antarctica"
-497660,230.8,"EPICA Dome C and  Vostok Station,  Antarctica"
-496915,230.6,"EPICA Dome C and  Vostok Station,  Antarctica"
-496154,232.8,"EPICA Dome C and  Vostok Station,  Antarctica"
-495416,236.5,"EPICA Dome C and  Vostok Station,  Antarctica"
-494658,236.4,"EPICA Dome C and  Vostok Station,  Antarctica"
-493903,237.6,"EPICA Dome C and  Vostok Station,  Antarctica"
-493135,238.5,"EPICA Dome C and  Vostok Station,  Antarctica"
-492361,238.3,"EPICA Dome C and  Vostok Station,  Antarctica"
-491557,239.1,"EPICA Dome C and  Vostok Station,  Antarctica"
-490788,239.7,"EPICA Dome C and  Vostok Station,  Antarctica"
-490009,243.7,"EPICA Dome C and  Vostok Station,  Antarctica"
-489241,246.7,"EPICA Dome C and  Vostok Station,  Antarctica"
-488495,243.3,"EPICA Dome C and  Vostok Station,  Antarctica"
-487772,242.6,"EPICA Dome C and  Vostok Station,  Antarctica"
-487525,249.3,"EPICA Dome C and  Vostok Station,  Antarctica"
-487046,252.8,"EPICA Dome C and  Vostok Station,  Antarctica"
-486739,240.9,"EPICA Dome C and  Vostok Station,  Antarctica"
-486318,242,"EPICA Dome C and  Vostok Station,  Antarctica"
-485591,237.1,"EPICA Dome C and  Vostok Station,  Antarctica"
-484866,231.3,"EPICA Dome C and  Vostok Station,  Antarctica"
-484093,232.9,"EPICA Dome C and  Vostok Station,  Antarctica"
-483326,233,"EPICA Dome C and  Vostok Station,  Antarctica"
-482515,231.2,"EPICA Dome C and  Vostok Station,  Antarctica"
-481699,231.4,"EPICA Dome C and  Vostok Station,  Antarctica"
-480853,231.4,"EPICA Dome C and  Vostok Station,  Antarctica"
-479982,227.3,"EPICA Dome C and  Vostok Station,  Antarctica"
-479085,223.4,"EPICA Dome C and  Vostok Station,  Antarctica"
-478158,223.8,"EPICA Dome C and  Vostok Station,  Antarctica"
-477194,218.8,"EPICA Dome C and  Vostok Station,  Antarctica"
-476771,220.8,"EPICA Dome C and  Vostok Station,  Antarctica"
-476174,231.3,"EPICA Dome C and  Vostok Station,  Antarctica"
-475769,236.5,"EPICA Dome C and  Vostok Station,  Antarctica"
-475212,239.1,"EPICA Dome C and  Vostok Station,  Antarctica"
-474290,236.6,"EPICA Dome C and  Vostok Station,  Antarctica"
-473268,232.8,"EPICA Dome C and  Vostok Station,  Antarctica"
-472212,233.1,"EPICA Dome C and  Vostok Station,  Antarctica"
-471152,241.2,"EPICA Dome C and  Vostok Station,  Antarctica"
-470145,245.6,"EPICA Dome C and  Vostok Station,  Antarctica"
-469813,243.9,"EPICA Dome C and  Vostok Station,  Antarctica"
-469096,243.7,"EPICA Dome C and  Vostok Station,  Antarctica"
-468647,232.7,"EPICA Dome C and  Vostok Station,  Antarctica"
-467991,229.2,"EPICA Dome C and  Vostok Station,  Antarctica"
-467520,218.7,"EPICA Dome C and  Vostok Station,  Antarctica"
-466860,215.5,"EPICA Dome C and  Vostok Station,  Antarctica"
-466373,206.5,"EPICA Dome C and  Vostok Station,  Antarctica"
-465652,205.5,"EPICA Dome C and  Vostok Station,  Antarctica"
-464315,203.4,"EPICA Dome C and  Vostok Station,  Antarctica"
-462916,204.4,"EPICA Dome C and  Vostok Station,  Antarctica"
-461506,208.1,"EPICA Dome C and  Vostok Station,  Antarctica"
-460183,210,"EPICA Dome C and  Vostok Station,  Antarctica"
-459737,205.2,"EPICA Dome C and  Vostok Station,  Antarctica"
-458842,199.9,"EPICA Dome C and  Vostok Station,  Antarctica"
-457480,194.4,"EPICA Dome C and  Vostok Station,  Antarctica"
-456099,190.7,"EPICA Dome C and  Vostok Station,  Antarctica"
-454641,195.5,"EPICA Dome C and  Vostok Station,  Antarctica"
-453329,202.4,"EPICA Dome C and  Vostok Station,  Antarctica"
-452073,208.3,"EPICA Dome C and  Vostok Station,  Antarctica"
-451564,203.3,"EPICA Dome C and  Vostok Station,  Antarctica"
-450845,204.3,"EPICA Dome C and  Vostok Station,  Antarctica"
-450333,199.1,"EPICA Dome C and  Vostok Station,  Antarctica"
-449643,192.5,"EPICA Dome C and  Vostok Station,  Antarctica"
-448505,193.3,"EPICA Dome C and  Vostok Station,  Antarctica"
-447294,198.4,"EPICA Dome C and  Vostok Station,  Antarctica"
-446153,201.9,"EPICA Dome C and  Vostok Station,  Antarctica"
-445034,204.9,"EPICA Dome C and  Vostok Station,  Antarctica"
-443879,201.2,"EPICA Dome C and  Vostok Station,  Antarctica"
-442700,201.7,"EPICA Dome C and  Vostok Station,  Antarctica"
-441612,208.1,"EPICA Dome C and  Vostok Station,  Antarctica"
-440461,203.5,"EPICA Dome C and  Vostok Station,  Antarctica"
-439270,201.1,"EPICA Dome C and  Vostok Station,  Antarctica"
-437615,199.1,"EPICA Dome C and  Vostok Station,  Antarctica"
-436406,202,"EPICA Dome C and  Vostok Station,  Antarctica"
-435202,201.3,"EPICA Dome C and  Vostok Station,  Antarctica"
-434039,201.7,"EPICA Dome C and  Vostok Station,  Antarctica"
-432854,200.3,"EPICA Dome C and  Vostok Station,  Antarctica"
-431724,207.5,"EPICA Dome C and  Vostok Station,  Antarctica"
-430649,209.8,"EPICA Dome C and  Vostok Station,  Antarctica"
-429495,207.6,"EPICA Dome C and  Vostok Station,  Antarctica"
-429113,211.5,"EPICA Dome C and  Vostok Station,  Antarctica"
-427926,227.2,"EPICA Dome C and  Vostok Station,  Antarctica"
-427056,219.7,"EPICA Dome C and  Vostok Station,  Antarctica"
-425616,242.5,"EPICA Dome C and  Vostok Station,  Antarctica"
-425335,248.2,"EPICA Dome C and  Vostok Station,  Antarctica"
-424648,252.1,"EPICA Dome C and  Vostok Station,  Antarctica"
-424025,255.3,"EPICA Dome C and  Vostok Station,  Antarctica"
-423619,265.4,"EPICA Dome C and  Vostok Station,  Antarctica"
-423292,270,"EPICA Dome C and  Vostok Station,  Antarctica"
-422890,270.8,"EPICA Dome C and  Vostok Station,  Antarctica"
-422382,268.3,"EPICA Dome C and  Vostok Station,  Antarctica"
-421814,267.7,"EPICA Dome C and  Vostok Station,  Antarctica"
-420699,270.6,"EPICA Dome C and  Vostok Station,  Antarctica"
-420124,266.4,"EPICA Dome C and  Vostok Station,  Antarctica"
-419534,268.6,"EPICA Dome C and  Vostok Station,  Antarctica"
-418400,273.8,"EPICA Dome C and  Vostok Station,  Antarctica"
-417858,271.2,"EPICA Dome C and  Vostok Station,  Antarctica"
-417310,273.7,"EPICA Dome C and  Vostok Station,  Antarctica"
-416295,274.6,"EPICA Dome C and  Vostok Station,  Antarctica"
-415748,271.8,"EPICA Dome C and  Vostok Station,  Antarctica"
-415241,273.4,"EPICA Dome C and  Vostok Station,  Antarctica"
-414243,271.7,"EPICA Dome C and  Vostok Station,  Antarctica"
-413767,276.4,"EPICA Dome C and  Vostok Station,  Antarctica"
-413013,271.6,"EPICA Dome C and  Vostok Station,  Antarctica"
-411998,264.9,"EPICA Dome C and  Vostok Station,  Antarctica"
-411012,274.9,"EPICA Dome C and  Vostok Station,  Antarctica"
-409121,283.5,"EPICA Dome C and  Vostok Station,  Antarctica"
-408256,282.6,"EPICA Dome C and  Vostok Station,  Antarctica"
-407433,274.7,"EPICA Dome C and  Vostok Station,  Antarctica"
-406650,284.5,"EPICA Dome C and  Vostok Station,  Antarctica"
-405143,285.6,"EPICA Dome C and  Vostok Station,  Antarctica"
-404418,279.6,"EPICA Dome C and  Vostok Station,  Antarctica"
-402977,280.5,"EPICA Dome C and  Vostok Station,  Antarctica"
-402231,276.5,"EPICA Dome C and  Vostok Station,  Antarctica"
-400781,275.7,"EPICA Dome C and  Vostok Station,  Antarctica"
-400050,283.1,"EPICA Dome C and  Vostok Station,  Antarctica"
-398554,283.2,"EPICA Dome C and  Vostok Station,  Antarctica"
-397772,277.1,"EPICA Dome C and  Vostok Station,  Antarctica"
-396136,276.3,"EPICA Dome C and  Vostok Station,  Antarctica"
-392610,260.7,"EPICA Dome C and  Vostok Station,  Antarctica"
-391629,273.6,"EPICA Dome C and  Vostok Station,  Antarctica"
-390594,259.5,"EPICA Dome C and  Vostok Station,  Antarctica"
-389946,266.3,"EPICA Dome C and  Vostok Station,  Antarctica"
-387996,250.1,"EPICA Dome C and  Vostok Station,  Antarctica"
-386112,255.2,"EPICA Dome C and  Vostok Station,  Antarctica"
-384194,259.2,"EPICA Dome C and  Vostok Station,  Antarctica"
-383448,264.6,"EPICA Dome C and  Vostok Station,  Antarctica"
-382584,258.1,"EPICA Dome C and  Vostok Station,  Antarctica"
-380720,245.8,"EPICA Dome C and  Vostok Station,  Antarctica"
-379182,246.8,"EPICA Dome C and  Vostok Station,  Antarctica"
-377746,239.1,"EPICA Dome C and  Vostok Station,  Antarctica"
-376146,240,"EPICA Dome C and  Vostok Station,  Antarctica"
-374618,227,"EPICA Dome C and  Vostok Station,  Antarctica"
-370696,229.6,"EPICA Dome C and  Vostok Station,  Antarctica"
-369140,224.6,"EPICA Dome C and  Vostok Station,  Antarctica"
-367496,214.7,"EPICA Dome C and  Vostok Station,  Antarctica"
-365906,199.9,"EPICA Dome C and  Vostok Station,  Antarctica"
-364285,201.9,"EPICA Dome C and  Vostok Station,  Antarctica"
-361435,206.3,"EPICA Dome C and  Vostok Station,  Antarctica"
-359007,201.2,"EPICA Dome C and  Vostok Station,  Antarctica"
-356762,185.8,"EPICA Dome C and  Vostok Station,  Antarctica"
-354948,186.1,"EPICA Dome C and  Vostok Station,  Antarctica"
-353352,193,"EPICA Dome C and  Vostok Station,  Antarctica"
-350325,209.2,"EPICA Dome C and  Vostok Station,  Antarctica"
-348975,209.4,"EPICA Dome C and  Vostok Station,  Antarctica"
-347738,216.2,"EPICA Dome C and  Vostok Station,  Antarctica"
-346348,221.1,"EPICA Dome C and  Vostok Station,  Antarctica"
-344030,220.3,"EPICA Dome C and  Vostok Station,  Antarctica"
-342496,211.9,"EPICA Dome C and  Vostok Station,  Antarctica"
-341332,204.8,"EPICA Dome C and  Vostok Station,  Antarctica"
-339852,205.2,"EPICA Dome C and  Vostok Station,  Antarctica"
-338506,200.7,"EPICA Dome C and  Vostok Station,  Antarctica"
-337348,250.1,"EPICA Dome C and  Vostok Station,  Antarctica"
-335441,234.2,"EPICA Dome C and  Vostok Station,  Antarctica"
-334775,239.6,"EPICA Dome C and  Vostok Station,  Antarctica"
-333968,241.9,"EPICA Dome C and  Vostok Station,  Antarctica"
-333337,255.7,"EPICA Dome C and  Vostok Station,  Antarctica"
-332798,270.5,"EPICA Dome C and  Vostok Station,  Antarctica"
-332311,278.6,"EPICA Dome C and  Vostok Station,  Antarctica"
-331940,285.8,"EPICA Dome C and  Vostok Station,  Antarctica"
-331430,278.1,"EPICA Dome C and  Vostok Station,  Antarctica"
-330969,298.6,"EPICA Dome C and  Vostok Station,  Antarctica"
-330512,288.4,"EPICA Dome C and  Vostok Station,  Antarctica"
-330335,289.1,"EPICA Dome C and  Vostok Station,  Antarctica"
-329994,282.4,"EPICA Dome C and  Vostok Station,  Antarctica"
-329488,273.1,"EPICA Dome C and  Vostok Station,  Antarctica"
-328790,272.6,"EPICA Dome C and  Vostok Station,  Antarctica"
-328258,271.7,"EPICA Dome C and  Vostok Station,  Antarctica"
-327525,265,"EPICA Dome C and  Vostok Station,  Antarctica"
-326271,275.1,"EPICA Dome C and  Vostok Station,  Antarctica"
-325640,271.9,"EPICA Dome C and  Vostok Station,  Antarctica"
-325022,270.1,"EPICA Dome C and  Vostok Station,  Antarctica"
-324371,266.1,"EPICA Dome C and  Vostok Station,  Antarctica"
-323770,264,"EPICA Dome C and  Vostok Station,  Antarctica"
-323021,266.2,"EPICA Dome C and  Vostok Station,  Antarctica"
-322330,260.5,"EPICA Dome C and  Vostok Station,  Antarctica"
-321576,260.3,"EPICA Dome C and  Vostok Station,  Antarctica"
-320817,260.4,"EPICA Dome C and  Vostok Station,  Antarctica"
-320065,257.2,"EPICA Dome C and  Vostok Station,  Antarctica"
-318408,249.2,"EPICA Dome C and  Vostok Station,  Antarctica"
-317530,255.8,"EPICA Dome C and  Vostok Station,  Antarctica"
-316609,233.4,"EPICA Dome C and  Vostok Station,  Antarctica"
-315784,245.2,"EPICA Dome C and  Vostok Station,  Antarctica"
-314947,251.6,"EPICA Dome C and  Vostok Station,  Antarctica"
-314250,272.6,"EPICA Dome C and  Vostok Station,  Antarctica"
-313622,246.8,"EPICA Dome C and  Vostok Station,  Antarctica"
-312917,257.1,"EPICA Dome C and  Vostok Station,  Antarctica"
-312194,256.7,"EPICA Dome C and  Vostok Station,  Antarctica"
-311464,251.6,"EPICA Dome C and  Vostok Station,  Antarctica"
-310726,241.9,"EPICA Dome C and  Vostok Station,  Antarctica"
-309918,239,"EPICA Dome C and  Vostok Station,  Antarctica"
-309063,237.8,"EPICA Dome C and  Vostok Station,  Antarctica"
-308218,233.2,"EPICA Dome C and  Vostok Station,  Antarctica"
-307439,226.2,"EPICA Dome C and  Vostok Station,  Antarctica"
-306794,227.8,"EPICA Dome C and  Vostok Station,  Antarctica"
-305545,225.8,"EPICA Dome C and  Vostok Station,  Antarctica"
-304597,244.8,"EPICA Dome C and  Vostok Station,  Antarctica"
-303705,248.6,"EPICA Dome C and  Vostok Station,  Antarctica"
-302951,250.2,"EPICA Dome C and  Vostok Station,  Antarctica"
-302282,240.7,"EPICA Dome C and  Vostok Station,  Antarctica"
-301276,240.2,"EPICA Dome C and  Vostok Station,  Antarctica"
-300330,236,"EPICA Dome C and  Vostok Station,  Antarctica"
-299452,239,"EPICA Dome C and  Vostok Station,  Antarctica"
-298522,236.1,"EPICA Dome C and  Vostok Station,  Antarctica"
-297671,231,"EPICA Dome C and  Vostok Station,  Antarctica"
-296791,224.4,"EPICA Dome C and  Vostok Station,  Antarctica"
-295971,217.1,"EPICA Dome C and  Vostok Station,  Antarctica"
-293980,213.1,"EPICA Dome C and  Vostok Station,  Antarctica"
-292618,212.7,"EPICA Dome C and  Vostok Station,  Antarctica"
-291829,206.7,"EPICA Dome C and  Vostok Station,  Antarctica"
-291107,206,"EPICA Dome C and  Vostok Station,  Antarctica"
-290455,207.6,"EPICA Dome C and  Vostok Station,  Antarctica"
-289417,217.1,"EPICA Dome C and  Vostok Station,  Antarctica"
-288780,220.4,"EPICA Dome C and  Vostok Station,  Antarctica"
-288203,234.9,"EPICA Dome C and  Vostok Station,  Antarctica"
-286283,231,"EPICA Dome C and  Vostok Station,  Antarctica"
-285588,230.4,"EPICA Dome C and  Vostok Station,  Antarctica"
-285086,231.4,"EPICA Dome C and  Vostok Station,  Antarctica"
-284178,226.4,"EPICA Dome C and  Vostok Station,  Antarctica"
-283430,228,"EPICA Dome C and  Vostok Station,  Antarctica"
-281835,231.3,"EPICA Dome C and  Vostok Station,  Antarctica"
-279808,223.7,"EPICA Dome C and  Vostok Station,  Antarctica"
-278319,215.3,"EPICA Dome C and  Vostok Station,  Antarctica"
-277370,211,"EPICA Dome C and  Vostok Station,  Antarctica"
-276400,204.5,"EPICA Dome C and  Vostok Station,  Antarctica"
-275411,202.2,"EPICA Dome C and  Vostok Station,  Antarctica"
-274376,193.2,"EPICA Dome C and  Vostok Station,  Antarctica"
-273400,198.4,"EPICA Dome C and  Vostok Station,  Antarctica"
-272371,194.1,"EPICA Dome C and  Vostok Station,  Antarctica"
-271360,193.9,"EPICA Dome C and  Vostok Station,  Antarctica"
-270361,190.4,"EPICA Dome C and  Vostok Station,  Antarctica"
-269306,184.7,"EPICA Dome C and  Vostok Station,  Antarctica"
-268272,198.8,"EPICA Dome C and  Vostok Station,  Antarctica"
-267204,194.2,"EPICA Dome C and  Vostok Station,  Antarctica"
-266231,187.2,"EPICA Dome C and  Vostok Station,  Antarctica"
-265492,188.7,"EPICA Dome C and  Vostok Station,  Antarctica"
-264376,211.7,"EPICA Dome C and  Vostok Station,  Antarctica"
-263703,199.9,"EPICA Dome C and  Vostok Station,  Antarctica"
-262559,228.1,"EPICA Dome C and  Vostok Station,  Antarctica"
-260980,214.6,"EPICA Dome C and  Vostok Station,  Antarctica"
-260142,208.9,"EPICA Dome C and  Vostok Station,  Antarctica"
-258966,205.7,"EPICA Dome C and  Vostok Station,  Antarctica"
-258403,209.6,"EPICA Dome C and  Vostok Station,  Antarctica"
-256711,203.9,"EPICA Dome C and  Vostok Station,  Antarctica"
-255150,204,"EPICA Dome C and  Vostok Station,  Antarctica"
-254359,201.9,"EPICA Dome C and  Vostok Station,  Antarctica"
-253548,199,"EPICA Dome C and  Vostok Station,  Antarctica"
-251686,195.4,"EPICA Dome C and  Vostok Station,  Antarctica"
-250789,196.7,"EPICA Dome C and  Vostok Station,  Antarctica"
-249914,195.4,"EPICA Dome C and  Vostok Station,  Antarctica"
-249055,213.9,"EPICA Dome C and  Vostok Station,  Antarctica"
-248183,200.2,"EPICA Dome C and  Vostok Station,  Antarctica"
-245731,214.7,"EPICA Dome C and  Vostok Station,  Antarctica"
-243491,219.4,"EPICA Dome C and  Vostok Station,  Antarctica"
-242914,230.4,"EPICA Dome C and  Vostok Station,  Antarctica"
-242397,236.7,"EPICA Dome C and  Vostok Station,  Antarctica"
-241906,249.9,"EPICA Dome C and  Vostok Station,  Antarctica"
-241479,252.3,"EPICA Dome C and  Vostok Station,  Antarctica"
-241121,263.7,"EPICA Dome C and  Vostok Station,  Antarctica"
-240396,280.2,"EPICA Dome C and  Vostok Station,  Antarctica"
-240057,279,"EPICA Dome C and  Vostok Station,  Antarctica"
-239416,263.2,"EPICA Dome C and  Vostok Station,  Antarctica"
-238995,259.7,"EPICA Dome C and  Vostok Station,  Antarctica"
-238023,252.8,"EPICA Dome C and  Vostok Station,  Antarctica"
-237527,247.4,"EPICA Dome C and  Vostok Station,  Antarctica"
-237063,245.8,"EPICA Dome C and  Vostok Station,  Antarctica"
-236608,245.6,"EPICA Dome C and  Vostok Station,  Antarctica"
-235918,239.1,"EPICA Dome C and  Vostok Station,  Antarctica"
-235344,243.1,"EPICA Dome C and  Vostok Station,  Antarctica"
-234784,247.4,"EPICA Dome C and  Vostok Station,  Antarctica"
-234164,241.4,"EPICA Dome C and  Vostok Station,  Antarctica"
-233530,252.1,"EPICA Dome C and  Vostok Station,  Antarctica"
-232867,245.2,"EPICA Dome C and  Vostok Station,  Antarctica"
-229116,241.6,"EPICA Dome C and  Vostok Station,  Antarctica"
-228472,233.9,"EPICA Dome C and  Vostok Station,  Antarctica"
-227473,232.4,"EPICA Dome C and  Vostok Station,  Antarctica"
-225826,224.5,"EPICA Dome C and  Vostok Station,  Antarctica"
-225077,233.1,"EPICA Dome C and  Vostok Station,  Antarctica"
-224761,234.5,"EPICA Dome C and  Vostok Station,  Antarctica"
-223959,235.5,"EPICA Dome C and  Vostok Station,  Antarctica"
-222973,215.7,"EPICA Dome C and  Vostok Station,  Antarctica"
-222319,203.3,"EPICA Dome C and  Vostok Station,  Antarctica"
-220080,205.6,"EPICA Dome C and  Vostok Station,  Antarctica"
-218789,208.8,"EPICA Dome C and  Vostok Station,  Antarctica"
-218108,207.1,"EPICA Dome C and  Vostok Station,  Antarctica"
-217166,216.1,"EPICA Dome C and  Vostok Station,  Antarctica"
-216411,214.1,"EPICA Dome C and  Vostok Station,  Antarctica"
-214402,240.5,"EPICA Dome C and  Vostok Station,  Antarctica"
-213432,245.3,"EPICA Dome C and  Vostok Station,  Antarctica"
-212844,251.1,"EPICA Dome C and  Vostok Station,  Antarctica"
-212509,251.7,"EPICA Dome C and  Vostok Station,  Antarctica"
-212034,247.5,"EPICA Dome C and  Vostok Station,  Antarctica"
-211586,242.6,"EPICA Dome C and  Vostok Station,  Antarctica"
-211320,240.3,"EPICA Dome C and  Vostok Station,  Antarctica"
-210766,241.4,"EPICA Dome C and  Vostok Station,  Antarctica"
-209908,251.2,"EPICA Dome C and  Vostok Station,  Antarctica"
-208863,243.4,"EPICA Dome C and  Vostok Station,  Antarctica"
-208204,257.4,"EPICA Dome C and  Vostok Station,  Antarctica"
-207867,239.5,"EPICA Dome C and  Vostok Station,  Antarctica"
-207482,246.9,"EPICA Dome C and  Vostok Station,  Antarctica"
-207045,252,"EPICA Dome C and  Vostok Station,  Antarctica"
-206853,247.2,"EPICA Dome C and  Vostok Station,  Antarctica"
-206304,243.9,"EPICA Dome C and  Vostok Station,  Antarctica"
-206114,244.6,"EPICA Dome C and  Vostok Station,  Antarctica"
-205594,242.2,"EPICA Dome C and  Vostok Station,  Antarctica"
-205170,240.5,"EPICA Dome C and  Vostok Station,  Antarctica"
-204860,230,"EPICA Dome C and  Vostok Station,  Antarctica"
-204194,237.2,"EPICA Dome C and  Vostok Station,  Antarctica"
-204002,238.1,"EPICA Dome C and  Vostok Station,  Antarctica"
-203412,231.4,"EPICA Dome C and  Vostok Station,  Antarctica"
-202958,229.4,"EPICA Dome C and  Vostok Station,  Antarctica"
-202530,226.3,"EPICA Dome C and  Vostok Station,  Antarctica"
-201887,228.6,"EPICA Dome C and  Vostok Station,  Antarctica"
-201367,232.2,"EPICA Dome C and  Vostok Station,  Antarctica"
-200924,231.9,"EPICA Dome C and  Vostok Station,  Antarctica"
-200463,244.4,"EPICA Dome C and  Vostok Station,  Antarctica"
-199213,247.6,"EPICA Dome C and  Vostok Station,  Antarctica"
-197968,239.1,"EPICA Dome C and  Vostok Station,  Antarctica"
-197022,250.9,"EPICA Dome C and  Vostok Station,  Antarctica"
-194229,242.6,"EPICA Dome C and  Vostok Station,  Antarctica"
-193723,241.2,"EPICA Dome C and  Vostok Station,  Antarctica"
-193067,226.4,"EPICA Dome C and  Vostok Station,  Antarctica"
-191531,220,"EPICA Dome C and  Vostok Station,  Antarctica"
-190960,226.5,"EPICA Dome C and  Vostok Station,  Antarctica"
-188402,218,"EPICA Dome C and  Vostok Station,  Antarctica"
-187126,220.3,"EPICA Dome C and  Vostok Station,  Antarctica"
-186486,231.4,"EPICA Dome C and  Vostok Station,  Antarctica"
-184747,231.3,"EPICA Dome C and  Vostok Station,  Antarctica"
-182735,210.7,"EPICA Dome C and  Vostok Station,  Antarctica"
-180096,203.4,"EPICA Dome C and  Vostok Station,  Antarctica"
-178118,199.7,"EPICA Dome C and  Vostok Station,  Antarctica"
-177167,198.1,"EPICA Dome C and  Vostok Station,  Antarctica"
-176229,217.7,"EPICA Dome C and  Vostok Station,  Antarctica"
-175189,213.2,"EPICA Dome C and  Vostok Station,  Antarctica"
-173356,207.7,"EPICA Dome C and  Vostok Station,  Antarctica"
-171444,190.1,"EPICA Dome C and  Vostok Station,  Antarctica"
-171185,189.4,"EPICA Dome C and  Vostok Station,  Antarctica"
-170484,190.3,"EPICA Dome C and  Vostok Station,  Antarctica"
-169401,196,"EPICA Dome C and  Vostok Station,  Antarctica"
-167542,197.7,"EPICA Dome C and  Vostok Station,  Antarctica"
-165233,197.8,"EPICA Dome C and  Vostok Station,  Antarctica"
-162489,196.6,"EPICA Dome C and  Vostok Station,  Antarctica"
-161748,183.8,"EPICA Dome C and  Vostok Station,  Antarctica"
-161074,186.7,"EPICA Dome C and  Vostok Station,  Antarctica"
-160278,190.1,"EPICA Dome C and  Vostok Station,  Antarctica"
-159729,191.6,"EPICA Dome C and  Vostok Station,  Antarctica"
-157993,196.5,"EPICA Dome C and  Vostok Station,  Antarctica"
-157612,204.3,"EPICA Dome C and  Vostok Station,  Antarctica"
-153863,187.5,"EPICA Dome C and  Vostok Station,  Antarctica"
-153445,185.5,"EPICA Dome C and  Vostok Station,  Antarctica"
-152530,189,"EPICA Dome C and  Vostok Station,  Antarctica"
-149473,200.6,"EPICA Dome C and  Vostok Station,  Antarctica"
-147971,188.9,"EPICA Dome C and  Vostok Station,  Antarctica"
-147853,191.9,"EPICA Dome C and  Vostok Station,  Antarctica"
-146881,203,"EPICA Dome C and  Vostok Station,  Antarctica"
-143413,196.9,"EPICA Dome C and  Vostok Station,  Antarctica"
-140108,190.4,"EPICA Dome C and  Vostok Station,  Antarctica"
-139010,196.4,"EPICA Dome C and  Vostok Station,  Antarctica"
-138949,195.6,"EPICA Dome C and  Vostok Station,  Antarctica"
-137667,196.5,"EPICA Dome C and  Vostok Station,  Antarctica"
-137325,192.3,"EPICA Dome C and  Vostok Station,  Antarctica"
-136235,190.2,"EPICA Dome C and  Vostok Station,  Antarctica"
-136032,194.2,"EPICA Dome C and  Vostok Station,  Antarctica"
-135683,193.4,"EPICA Dome C and  Vostok Station,  Antarctica"
-135343,194.3,"EPICA Dome C and  Vostok Station,  Antarctica"
-134705,201.1,"EPICA Dome C and  Vostok Station,  Antarctica"
-134617,195.8,"EPICA Dome C and  Vostok Station,  Antarctica"
-134301,202.4,"EPICA Dome C and  Vostok Station,  Antarctica"
-134061,200.7,"EPICA Dome C and  Vostok Station,  Antarctica"
-133933,201.7,"EPICA Dome C and  Vostok Station,  Antarctica"
-133653,198,"EPICA Dome C and  Vostok Station,  Antarctica"
-133257,198,"EPICA Dome C and  Vostok Station,  Antarctica"
-133164,200.4,"EPICA Dome C and  Vostok Station,  Antarctica"
-133010,204.5,"EPICA Dome C and  Vostok Station,  Antarctica"
-132337,203.7,"EPICA Dome C and  Vostok Station,  Antarctica"
-132173,208.9,"EPICA Dome C and  Vostok Station,  Antarctica"
-131477,210.6,"EPICA Dome C and  Vostok Station,  Antarctica"
-131155,220.3,"EPICA Dome C and  Vostok Station,  Antarctica"
-131119,223.9,"EPICA Dome C and  Vostok Station,  Antarctica"
-130542,223.5,"EPICA Dome C and  Vostok Station,  Antarctica"
-129778,228.9,"EPICA Dome C and  Vostok Station,  Antarctica"
-129505,240.4,"EPICA Dome C and  Vostok Station,  Antarctica"
-129379,245,"EPICA Dome C and  Vostok Station,  Antarctica"
-127786,259,"EPICA Dome C and  Vostok Station,  Antarctica"
-127702,257.9,"EPICA Dome C and  Vostok Station,  Antarctica"
-127390,263.4,"EPICA Dome C and  Vostok Station,  Antarctica"
-127196,264.1,"EPICA Dome C and  Vostok Station,  Antarctica"
-126916,282.6,"EPICA Dome C and  Vostok Station,  Antarctica"
-126659,286.8,"EPICA Dome C and  Vostok Station,  Antarctica"
-126422,287.1,"EPICA Dome C and  Vostok Station,  Antarctica"
-126394,274,"EPICA Dome C and  Vostok Station,  Antarctica"
-125957,275.6,"EPICA Dome C and  Vostok Station,  Antarctica"
-125672,275.3,"EPICA Dome C and  Vostok Station,  Antarctica"
-125182,262.6,"EPICA Dome C and  Vostok Station,  Antarctica"
-124936,262.5,"EPICA Dome C and  Vostok Station,  Antarctica"
-124648,267.1,"EPICA Dome C and  Vostok Station,  Antarctica"
-124397,273.7,"EPICA Dome C and  Vostok Station,  Antarctica"
-123484,277.1,"EPICA Dome C and  Vostok Station,  Antarctica"
-123312,273,"EPICA Dome C and  Vostok Station,  Antarctica"
-123131,279.7,"EPICA Dome C and  Vostok Station,  Antarctica"
-122839,266.3,"EPICA Dome C and  Vostok Station,  Antarctica"
-122307,266.6,"EPICA Dome C and  Vostok Station,  Antarctica"
-122263,268.7,"EPICA Dome C and  Vostok Station,  Antarctica"
-121120,276.4,"EPICA Dome C and  Vostok Station,  Antarctica"
-120394,272.1,"EPICA Dome C and  Vostok Station,  Antarctica"
-119067,277.6,"EPICA Dome C and  Vostok Station,  Antarctica"
-118432,265.2,"EPICA Dome C and  Vostok Station,  Antarctica"
-117722,271.9,"EPICA Dome C and  Vostok Station,  Antarctica"
-116699,273.7,"EPICA Dome C and  Vostok Station,  Antarctica"
-115800,267.6,"EPICA Dome C and  Vostok Station,  Antarctica"
-114551,262.5,"EPICA Dome C and  Vostok Station,  Antarctica"
-113168,273.2,"EPICA Dome C and  Vostok Station,  Antarctica"
-112651,274.5,"EPICA Dome C and  Vostok Station,  Antarctica"
-112146,261.4,"EPICA Dome C and  Vostok Station,  Antarctica"
-111312,266.3,"EPICA Dome C and  Vostok Station,  Antarctica"
-109912,256.7,"EPICA Dome C and  Vostok Station,  Antarctica"
-107854,251.2,"EPICA Dome C and  Vostok Station,  Antarctica"
-106203,245.6,"EPICA Dome C and  Vostok Station,  Antarctica"
-105629,238.2,"EPICA Dome C and  Vostok Station,  Antarctica"
-103686,230.6,"EPICA Dome C and  Vostok Station,  Antarctica"
-102754,236.9,"EPICA Dome C and  Vostok Station,  Antarctica"
-101515,228.1,"EPICA Dome C and  Vostok Station,  Antarctica"
-99799,236.9,"EPICA Dome C and  Vostok Station,  Antarctica"
-98887,230.8,"EPICA Dome C and  Vostok Station,  Antarctica"
-97899,225.8,"EPICA Dome C and  Vostok Station,  Antarctica"
-92403,232,"EPICA Dome C and  Vostok Station,  Antarctica"
-89299,228.3,"EPICA Dome C and  Vostok Station,  Antarctica"
-88407,224.2,"EPICA Dome C and  Vostok Station,  Antarctica"
-85967,208,"EPICA Dome C and  Vostok Station,  Antarctica"
-84231,217,"EPICA Dome C and  Vostok Station,  Antarctica"
-83070,214.2,"EPICA Dome C and  Vostok Station,  Antarctica"
-82066,228,"EPICA Dome C and  Vostok Station,  Antarctica"
-81383,236.4,"EPICA Dome C and  Vostok Station,  Antarctica"
-80467,241.1,"EPICA Dome C and  Vostok Station,  Antarctica"
-78664,230.9,"EPICA Dome C and  Vostok Station,  Antarctica"
-76233,221.7,"EPICA Dome C and  Vostok Station,  Antarctica"
-75200,217.1,"EPICA Dome C and  Vostok Station,  Antarctica"
-71277,229.1,"EPICA Dome C and  Vostok Station,  Antarctica"
-69099,227.3,"EPICA Dome C and  Vostok Station,  Antarctica"
-63989,194.9,"EPICA Dome C and  Vostok Station,  Antarctica"
-62989,191.4,"EPICA Dome C and  Vostok Station,  Antarctica"
-60909,195.3,"EPICA Dome C and  Vostok Station,  Antarctica"
-55707,210.4,"EPICA Dome C and  Vostok Station,  Antarctica"
-55138,221.7,"EPICA Dome C and  Vostok Station,  Antarctica"
-50432,190.4,"EPICA Dome C and  Vostok Station,  Antarctica"
-48713,215.7,"EPICA Dome C and  Vostok Station,  Antarctica"
-47740,210.1,"EPICA Dome C and  Vostok Station,  Antarctica"
-46904,188.4,"EPICA Dome C and  Vostok Station,  Antarctica"
-45386,189.3,"EPICA Dome C and  Vostok Station,  Antarctica"
-41550,209.1,"EPICA Dome C and  Vostok Station,  Antarctica"
-35521,209.1,"EPICA Dome C and  Vostok Station,  Antarctica"
-33059,205.3,"EPICA Dome C and  Vostok Station,  Antarctica"
-28070,191.7,"EPICA Dome C and  Vostok Station,  Antarctica"
-27113,188.5,"EPICA Dome C and  Vostok Station,  Antarctica"
-24044,191.6,"EPICA Dome C and  Vostok Station,  Antarctica"
-20877,189.2,"EPICA Dome C and  Vostok Station,  Antarctica"
-20065,184.4,"EPICA Dome C and  Vostok Station,  Antarctica"
-19904,185.7,"EPICA Dome C and  Vostok Station,  Antarctica"
-19557,186.1,"EPICA Dome C and  Vostok Station,  Antarctica"
-19307,184.7,"EPICA Dome C and  Vostok Station,  Antarctica"
-19061,186.5,"EPICA Dome C and  Vostok Station,  Antarctica"
-18798,186.9,"EPICA Dome C and  Vostok Station,  Antarctica"
-18552,187.8,"EPICA Dome C and  Vostok Station,  Antarctica"
-18247,195,"EPICA Dome C and  Vostok Station,  Antarctica"
-18218,188.2,"EPICA Dome C and  Vostok Station,  Antarctica"
-18038,188,"EPICA Dome C and  Vostok Station,  Antarctica"
-17798,190,"EPICA Dome C and  Vostok Station,  Antarctica"
-17559,188.8,"EPICA Dome C and  Vostok Station,  Antarctica"
-17397,188.7,"EPICA Dome C and  Vostok Station,  Antarctica"
-16971,188.3,"EPICA Dome C and  Vostok Station,  Antarctica"
-16918,192.3,"EPICA Dome C and  Vostok Station,  Antarctica"
-16878,189.4,"EPICA Dome C and  Vostok Station,  Antarctica"
-16591,188.6,"EPICA Dome C and  Vostok Station,  Antarctica"
-16335,187,"EPICA Dome C and  Vostok Station,  Antarctica"
-15993,189.2,"EPICA Dome C and  Vostok Station,  Antarctica"
-15859,188.5,"EPICA Dome C and  Vostok Station,  Antarctica"
-15615,188.5,"EPICA Dome C and  Vostok Station,  Antarctica"
-15425,191,"EPICA Dome C and  Vostok Station,  Antarctica"
-15161,193.9,"EPICA Dome C and  Vostok Station,  Antarctica"
-14920,195.2,"EPICA Dome C and  Vostok Station,  Antarctica"
-14709,200.8,"EPICA Dome C and  Vostok Station,  Antarctica"
-14502,202.9,"EPICA Dome C and  Vostok Station,  Antarctica"
-14310,207.7,"EPICA Dome C and  Vostok Station,  Antarctica"
-14123,207.5,"EPICA Dome C and  Vostok Station,  Antarctica"
-13936,214,"EPICA Dome C and  Vostok Station,  Antarctica"
-13792,219.4,"EPICA Dome C and  Vostok Station,  Antarctica"
-13620,220.9,"EPICA Dome C and  Vostok Station,  Antarctica"
-13488,221,"EPICA Dome C and  Vostok Station,  Antarctica"
-13283,222,"EPICA Dome C and  Vostok Station,  Antarctica"
-13062,224.5,"EPICA Dome C and  Vostok Station,  Antarctica"
-12940,225.2,"EPICA Dome C and  Vostok Station,  Antarctica"
-12775,226.1,"EPICA Dome C and  Vostok Station,  Antarctica"
-12600,228.4,"EPICA Dome C and  Vostok Station,  Antarctica"
-12353,228.5,"EPICA Dome C and  Vostok Station,  Antarctica"
-11998,239.1,"EPICA Dome C and  Vostok Station,  Antarctica"
-11854,238.6,"EPICA Dome C and  Vostok Station,  Antarctica"
-11703,238.6,"EPICA Dome C and  Vostok Station,  Antarctica"
-11592,239.2,"EPICA Dome C and  Vostok Station,  Antarctica"
-11490,236.4,"EPICA Dome C and  Vostok Station,  Antarctica"
-11291,237.6,"EPICA Dome C and  Vostok Station,  Antarctica"
-11140,237.9,"EPICA Dome C and  Vostok Station,  Antarctica"
-10992,237.3,"EPICA Dome C and  Vostok Station,  Antarctica"
-10810,238.3,"EPICA Dome C and  Vostok Station,  Antarctica"
-10692,234.2,"EPICA Dome C and  Vostok Station,  Antarctica"
-10546,237.6,"EPICA Dome C and  Vostok Station,  Antarctica"
-10421,237.5,"EPICA Dome C and  Vostok Station,  Antarctica"
-10172,240.3,"EPICA Dome C and  Vostok Station,  Antarctica"
-10100,243.2,"EPICA Dome C and  Vostok Station,  Antarctica"
-10008,246.6,"EPICA Dome C and  Vostok Station,  Antarctica"
-9946,245.3,"EPICA Dome C and  Vostok Station,  Antarctica"
-9869,245.3,"EPICA Dome C and  Vostok Station,  Antarctica"
-9777,250.7,"EPICA Dome C and  Vostok Station,  Antarctica"
-9726,251.1,"EPICA Dome C and  Vostok Station,  Antarctica"
-9685,249.7,"EPICA Dome C and  Vostok Station,  Antarctica"
-9630,250.7,"EPICA Dome C and  Vostok Station,  Antarctica"
-9519,253.8,"EPICA Dome C and  Vostok Station,  Antarctica"
-9486,253.9,"EPICA Dome C and  Vostok Station,  Antarctica"
-9442,255.4,"EPICA Dome C and  Vostok Station,  Antarctica"
-9388,260.8,"EPICA Dome C and  Vostok Station,  Antarctica"
-9328,258.8,"EPICA Dome C and  Vostok Station,  Antarctica"
-9286,265.2,"EPICA Dome C and  Vostok Station,  Antarctica"
-9251,263,"EPICA Dome C and  Vostok Station,  Antarctica"
-9186,264,"EPICA Dome C and  Vostok Station,  Antarctica"
-9137,264.5,"EPICA Dome C and  Vostok Station,  Antarctica"
-9064,264.2,"EPICA Dome C and  Vostok Station,  Antarctica"
-8983,264.1,"EPICA Dome C and  Vostok Station,  Antarctica"
-8945,264.4,"EPICA Dome C and  Vostok Station,  Antarctica"
-8877,265.3,"EPICA Dome C and  Vostok Station,  Antarctica"
-8855,265,"EPICA Dome C and  Vostok Station,  Antarctica"
-8794,264.8,"EPICA Dome C and  Vostok Station,  Antarctica"
-8671,264.8,"EPICA Dome C and  Vostok Station,  Antarctica"
-8577,267.6,"EPICA Dome C and  Vostok Station,  Antarctica"
-8467,265.1,"EPICA Dome C and  Vostok Station,  Antarctica"
-8344,266,"EPICA Dome C and  Vostok Station,  Antarctica"
-8259,266.9,"EPICA Dome C and  Vostok Station,  Antarctica"
-8138,267.5,"EPICA Dome C and  Vostok Station,  Antarctica"
-8033,264.9,"EPICA Dome C and  Vostok Station,  Antarctica"
-7959,265.7,"EPICA Dome C and  Vostok Station,  Antarctica"
-7857,263.4,"EPICA Dome C and  Vostok Station,  Antarctica"
-7771,264,"EPICA Dome C and  Vostok Station,  Antarctica"
-7647,264.2,"EPICA Dome C and  Vostok Station,  Antarctica"
-7586,264.4,"EPICA Dome C and  Vostok Station,  Antarctica"
-7367,263.8,"EPICA Dome C and  Vostok Station,  Antarctica"
-7282,263,"EPICA Dome C and  Vostok Station,  Antarctica"
-7190,260.9,"EPICA Dome C and  Vostok Station,  Antarctica"
-7142,260.6,"EPICA Dome C and  Vostok Station,  Antarctica"
-7023,265.2,"EPICA Dome C and  Vostok Station,  Antarctica"
-6919,263.8,"EPICA Dome C and  Vostok Station,  Antarctica"
-6834,263.7,"EPICA Dome C and  Vostok Station,  Antarctica"
-6703,262,"EPICA Dome C and  Vostok Station,  Antarctica"
-6629,259.3,"EPICA Dome C and  Vostok Station,  Antarctica"
-6527,260.4,"EPICA Dome C and  Vostok Station,  Antarctica"
-6437,260.9,"EPICA Dome C and  Vostok Station,  Antarctica"
-6331,259,"EPICA Dome C and  Vostok Station,  Antarctica"
-6231,261.8,"EPICA Dome C and  Vostok Station,  Antarctica"
-6100,260.7,"EPICA Dome C and  Vostok Station,  Antarctica"
-6040,261.3,"EPICA Dome C and  Vostok Station,  Antarctica"
-5926,258.3,"EPICA Dome C and  Vostok Station,  Antarctica"
-5831,259.3,"EPICA Dome C and  Vostok Station,  Antarctica"
-5741,259.6,"EPICA Dome C and  Vostok Station,  Antarctica"
-5640,260.8,"EPICA Dome C and  Vostok Station,  Antarctica"
-5557,259.2,"EPICA Dome C and  Vostok Station,  Antarctica"
-5463,259.7,"EPICA Dome C and  Vostok Station,  Antarctica"
-5370,260.4,"EPICA Dome C and  Vostok Station,  Antarctica"
-5284,260.1,"EPICA Dome C and  Vostok Station,  Antarctica"
-5162,258.4,"EPICA Dome C and  Vostok Station,  Antarctica"
-5078,260.7,"EPICA Dome C and  Vostok Station,  Antarctica"
-4991,263,"EPICA Dome C and  Vostok Station,  Antarctica"
-4888,262.3,"EPICA Dome C and  Vostok Station,  Antarctica"
-4763,257.6,"EPICA Dome C and  Vostok Station,  Antarctica"
-4667,258.1,"EPICA Dome C and  Vostok Station,  Antarctica"
-4595,262.9,"EPICA Dome C and  Vostok Station,  Antarctica"
-4484,262.1,"EPICA Dome C and  Vostok Station,  Antarctica"
-4404,259.4,"EPICA Dome C and  Vostok Station,  Antarctica"
-4313,261.1,"EPICA Dome C and  Vostok Station,  Antarctica"
-4181,261.2,"EPICA Dome C and  Vostok Station,  Antarctica"
-4089,262.7,"EPICA Dome C and  Vostok Station,  Antarctica"
-4048,263.2,"EPICA Dome C and  Vostok Station,  Antarctica"
-3905,265.5,"EPICA Dome C and  Vostok Station,  Antarctica"
-3766,266.7,"EPICA Dome C and  Vostok Station,  Antarctica"
-3707,260.7,"EPICA Dome C and  Vostok Station,  Antarctica"
-3612,265.5,"EPICA Dome C and  Vostok Station,  Antarctica"
-3526,265.9,"EPICA Dome C and  Vostok Station,  Antarctica"
-3420,267.6,"EPICA Dome C and  Vostok Station,  Antarctica"
-3324,265.2,"EPICA Dome C and  Vostok Station,  Antarctica"
-3210,265.3,"EPICA Dome C and  Vostok Station,  Antarctica"
-3144,267.6,"EPICA Dome C and  Vostok Station,  Antarctica"
-3054,269.8,"EPICA Dome C and  Vostok Station,  Antarctica"
-2924,268.6,"EPICA Dome C and  Vostok Station,  Antarctica"
-2816,269.3,"EPICA Dome C and  Vostok Station,  Antarctica"
-2753,270.7,"EPICA Dome C and  Vostok Station,  Antarctica"
-2623,271.5,"EPICA Dome C and  Vostok Station,  Antarctica"
-2530,269.8,"EPICA Dome C and  Vostok Station,  Antarctica"
-2424,269.1,"EPICA Dome C and  Vostok Station,  Antarctica"
-2374,271.1,"EPICA Dome C and  Vostok Station,  Antarctica"
-2211,271.5,"EPICA Dome C and  Vostok Station,  Antarctica"
-2146,272.8,"EPICA Dome C and  Vostok Station,  Antarctica"
-2054,271.6,"EPICA Dome C and  Vostok Station,  Antarctica"
-1960,271.7,"EPICA Dome C and  Vostok Station,  Antarctica"
-1840,274.9,"EPICA Dome C and  Vostok Station,  Antarctica"
-1771,275.4,"EPICA Dome C and  Vostok Station,  Antarctica"
-1672,271.5,"EPICA Dome C and  Vostok Station,  Antarctica"
-1573,273,"EPICA Dome C and  Vostok Station,  Antarctica"
-1503,273.4,"EPICA Dome C and  Vostok Station,  Antarctica"
-1386,275,"EPICA Dome C and  Vostok Station,  Antarctica"
-1265,274,"EPICA Dome C and  Vostok Station,  Antarctica"
-1166,273.1,"EPICA Dome C and  Vostok Station,  Antarctica"
-1103,276.3,"EPICA Dome C and  Vostok Station,  Antarctica"
-952,274.6,"EPICA Dome C and  Vostok Station,  Antarctica"
-856,276.3,"EPICA Dome C and  Vostok Station,  Antarctica"
-778,274.7,"EPICA Dome C and  Vostok Station,  Antarctica"
-654,275.3,"EPICA Dome C and  Vostok Station,  Antarctica"
-586,278.9,"EPICA Dome C and  Vostok Station,  Antarctica"
-483,273.9,"EPICA Dome C and  Vostok Station,  Antarctica"
-384,277.9,"EPICA Dome C and  Vostok Station,  Antarctica"
-262,277.6,"EPICA Dome C and  Vostok Station,  Antarctica"
-178,276.7,"EPICA Dome C and  Vostok Station,  Antarctica"
-107,276.7,"EPICA Dome C and  Vostok Station,  Antarctica"
19,276.9,"EPICA Dome C and  Vostok Station,  Antarctica"
138,278,"EPICA Dome C and  Vostok Station,  Antarctica"
217,278.7,"EPICA Dome C and  Vostok Station,  Antarctica"
312,278.9,"EPICA Dome C and  Vostok Station,  Antarctica"
398,280,"EPICA Dome C and  Vostok Station,  Antarctica"
497,279.2,"EPICA Dome C and  Vostok Station,  Antarctica"
600,277.4,"EPICA Dome C and  Vostok Station,  Antarctica"
717,278.7,"EPICA Dome C and  Vostok Station,  Antarctica"
797,277.7,"EPICA Dome C and  Vostok Station,  Antarctica"
890,279.1,"EPICA Dome C and  Vostok Station,  Antarctica"
1000,276.6,"EPICA Dome C and  Vostok Station,  Antarctica"
1010,279.5,"Law Dome, Antarctica (75-year smoothed)"
1015,279.6,"Law Dome, Antarctica (75-year smoothed)"
1020,279.7,"Law Dome, Antarctica (75-year smoothed)"
1025,279.8,"Law Dome, Antarctica (75-year smoothed)"
1030,279.9,"Law Dome, Antarctica (75-year smoothed)"
1035,280,"Law Dome, Antarctica (75-year smoothed)"
1040,280.2,"Law Dome, Antarctica (75-year smoothed)"
1045,280.3,"Law Dome, Antarctica (75-year smoothed)"
1050,280.5,"Law Dome, Antarctica (75-year smoothed)"
1055,280.7,"Law Dome, Antarctica (75-year smoothed)"
1060,280.9,"Law Dome, Antarctica (75-year smoothed)"
1065,281.1,"Law Dome, Antarctica (75-year smoothed)"
1070,281.3,"Law Dome, Antarctica (75-year smoothed)"
1073,278.4,"EPICA Dome C and  Vostok Station,  Antarctica"
1075,281.5,"Law Dome, Antarctica (75-year smoothed)"
1080,281.7,"Law Dome, Antarctica (75-year smoothed)"
1085,281.9,"Law Dome, Antarctica (75-year smoothed)"
1090,282.1,"Law Dome, Antarctica (75-year smoothed)"
1095,282.3,"Law Dome, Antarctica (75-year smoothed)"
1100,282.5,"Law Dome, Antarctica (75-year smoothed)"
1105,282.7,"Law Dome, Antarctica (75-year smoothed)"
1110,282.9,"Law Dome, Antarctica (75-year smoothed)"
1115,283,"Law Dome, Antarctica (75-year smoothed)"
1120,283.2,"Law Dome, Antarctica (75-year smoothed)"
1125,283.3,"Law Dome, Antarctica (75-year smoothed)"
1130,283.5,"Law Dome, Antarctica (75-year smoothed)"
1135,283.6,"Law Dome, Antarctica (75-year smoothed)"
1140,283.7,"Law Dome, Antarctica (75-year smoothed)"
1145,283.8,"Law Dome, Antarctica (75-year smoothed)"
1150,283.9,"Law Dome, Antarctica (75-year smoothed)"
1155,284,"Law Dome, Antarctica (75-year smoothed)"
1160,284,"Law Dome, Antarctica (75-year smoothed)"
1165,284.1,"Law Dome, Antarctica (75-year smoothed)"
1170,284.1,"Law Dome, Antarctica (75-year smoothed)"
1175,284.1,"Law Dome, Antarctica (75-year smoothed)"
1180,284,"Law Dome, Antarctica (75-year smoothed)"
1185,284,"Law Dome, Antarctica (75-year smoothed)"
1190,283.9,"Law Dome, Antarctica (75-year smoothed)"
1195,283.8,"Law Dome, Antarctica (75-year smoothed)"
1196,280.1,"EPICA Dome C and  Vostok Station,  Antarctica"
1200,283.6,"Law Dome, Antarctica (75-year smoothed)"
1205,283.4,"Law Dome, Antarctica (75-year smoothed)"
1210,283.2,"Law Dome, Antarctica (75-year smoothed)"
1215,283,"Law Dome, Antarctica (75-year smoothed)"
1220,282.8,"Law Dome, Antarctica (75-year smoothed)"
1225,282.5,"Law Dome, Antarctica (75-year smoothed)"
1230,282.3,"Law Dome, Antarctica (75-year smoothed)"
1235,282.2,"Law Dome, Antarctica (75-year smoothed)"
1240,282,"Law Dome, Antarctica (75-year smoothed)"
1245,281.9,"Law Dome, Antarctica (75-year smoothed)"
1250,281.9,"Law Dome, Antarctica (75-year smoothed)"
1255,281.9,"Law Dome, Antarctica (75-year smoothed)"
1260,282,"Law Dome, Antarctica (75-year smoothed)"
1265,282.1,"Law Dome, Antarctica (75-year smoothed)"
1270,282.2,"Law Dome, Antarctica (75-year smoothed)"
1275,282.3,"Law Dome, Antarctica (75-year smoothed)"
1278,282.2,"EPICA Dome C and  Vostok Station,  Antarctica"
1280,282.5,"Law Dome, Antarctica (75-year smoothed)"
1285,282.6,"Law Dome, Antarctica (75-year smoothed)"
1290,282.8,"Law Dome, Antarctica (75-year smoothed)"
1295,282.9,"Law Dome, Antarctica (75-year smoothed)"
1300,283,"Law Dome, Antarctica (75-year smoothed)"
1305,283.1,"Law Dome, Antarctica (75-year smoothed)"
1310,283.2,"Law Dome, Antarctica (75-year smoothed)"
1315,283.3,"Law Dome, Antarctica (75-year smoothed)"
1320,283.3,"Law Dome, Antarctica (75-year smoothed)"
1325,283.2,"Law Dome, Antarctica (75-year smoothed)"
1330,283.1,"Law Dome, Antarctica (75-year smoothed)"
1335,282.9,"Law Dome, Antarctica (75-year smoothed)"
1340,282.7,"Law Dome, Antarctica (75-year smoothed)"
1345,282.4,"Law Dome, Antarctica (75-year smoothed)"
1350,282.1,"Law Dome, Antarctica (75-year smoothed)"
1355,281.8,"Law Dome, Antarctica (75-year smoothed)"
1360,281.5,"Law Dome, Antarctica (75-year smoothed)"
1365,281.2,"Law Dome, Antarctica (75-year smoothed)"
1370,281,"Law Dome, Antarctica (75-year smoothed)"
1375,280.7,"Law Dome, Antarctica (75-year smoothed)"
1380,280.5,"Law Dome, Antarctica (75-year smoothed)"
1385,280.4,"Law Dome, Antarctica (75-year smoothed)"
1390,280.3,"Law Dome, Antarctica (75-year smoothed)"
1391,281.1,"EPICA Dome C and  Vostok Station,  Antarctica"
1395,280.3,"Law Dome, Antarctica (75-year smoothed)"
1400,280.3,"Law Dome, Antarctica (75-year smoothed)"
1405,280.4,"Law Dome, Antarctica (75-year smoothed)"
1410,280.5,"Law Dome, Antarctica (75-year smoothed)"
1415,280.6,"Law Dome, Antarctica (75-year smoothed)"
1420,280.7,"Law Dome, Antarctica (75-year smoothed)"
1425,280.8,"Law Dome, Antarctica (75-year smoothed)"
1430,280.9,"Law Dome, Antarctica (75-year smoothed)"
1435,280.9,"Law Dome, Antarctica (75-year smoothed)"
1440,280.9,"Law Dome, Antarctica (75-year smoothed)"
1445,280.9,"Law Dome, Antarctica (75-year smoothed)"
1450,280.8,"Law Dome, Antarctica (75-year smoothed)"
1455,280.7,"Law Dome, Antarctica (75-year smoothed)"
1460,280.6,"Law Dome, Antarctica (75-year smoothed)"
1465,277.7,"EPICA Dome C and  Vostok Station,  Antarctica"
1465,280.6,"Law Dome, Antarctica (75-year smoothed)"
1470,280.6,"Law Dome, Antarctica (75-year smoothed)"
1475,280.8,"Law Dome, Antarctica (75-year smoothed)"
1480,281,"Law Dome, Antarctica (75-year smoothed)"
1485,281.3,"Law Dome, Antarctica (75-year smoothed)"
1490,281.6,"Law Dome, Antarctica (75-year smoothed)"
1495,281.9,"Law Dome, Antarctica (75-year smoothed)"
1500,282.2,"Law Dome, Antarctica (75-year smoothed)"
1505,282.5,"Law Dome, Antarctica (75-year smoothed)"
1510,282.7,"Law Dome, Antarctica (75-year smoothed)"
1515,282.9,"Law Dome, Antarctica (75-year smoothed)"
1520,283.1,"Law Dome, Antarctica (75-year smoothed)"
1525,283.2,"Law Dome, Antarctica (75-year smoothed)"
1530,283.2,"Law Dome, Antarctica (75-year smoothed)"
1535,283.2,"Law Dome, Antarctica (75-year smoothed)"
1540,283.1,"Law Dome, Antarctica (75-year smoothed)"
1545,283,"Law Dome, Antarctica (75-year smoothed)"
1546,281.9,"EPICA Dome C and  Vostok Station,  Antarctica"
1550,282.8,"Law Dome, Antarctica (75-year smoothed)"
1555,279.1,"EPICA Dome C and  Vostok Station,  Antarctica"
1555,282.6,"Law Dome, Antarctica (75-year smoothed)"
1560,282.2,"Law Dome, Antarctica (75-year smoothed)"
1565,281.8,"Law Dome, Antarctica (75-year smoothed)"
1570,281.2,"Law Dome, Antarctica (75-year smoothed)"
1575,280.5,"Law Dome, Antarctica (75-year smoothed)"
1580,279.7,"Law Dome, Antarctica (75-year smoothed)"
1585,278.8,"Law Dome, Antarctica (75-year smoothed)"
1590,278,"Law Dome, Antarctica (75-year smoothed)"
1595,277.1,"Law Dome, Antarctica (75-year smoothed)"
1600,276.4,"Law Dome, Antarctica (75-year smoothed)"
1605,275.8,"Law Dome, Antarctica (75-year smoothed)"
1610,275.5,"Law Dome, Antarctica (75-year smoothed)"
1615,275.3,"Law Dome, Antarctica (75-year smoothed)"
1620,275.3,"Law Dome, Antarctica (75-year smoothed)"
1625,275.4,"Law Dome, Antarctica (75-year smoothed)"
1630,275.6,"Law Dome, Antarctica (75-year smoothed)"
1635,275.9,"Law Dome, Antarctica (75-year smoothed)"
1640,276.1,"Law Dome, Antarctica (75-year smoothed)"
1645,276.3,"Law Dome, Antarctica (75-year smoothed)"
1650,276.4,"Law Dome, Antarctica (75-year smoothed)"
1655,276.5,"Law Dome, Antarctica (75-year smoothed)"
1660,276.5,"Law Dome, Antarctica (75-year smoothed)"
1665,276.5,"Law Dome, Antarctica (75-year smoothed)"
1670,276.4,"Law Dome, Antarctica (75-year smoothed)"
1671,277.9,"EPICA Dome C and  Vostok Station,  Antarctica"
1675,276.4,"Law Dome, Antarctica (75-year smoothed)"
1680,276.4,"Law Dome, Antarctica (75-year smoothed)"
1682,274.9,"EPICA Dome C and  Vostok Station,  Antarctica"
1685,276.4,"Law Dome, Antarctica (75-year smoothed)"
1690,276.5,"Law Dome, Antarctica (75-year smoothed)"
1695,276.6,"Law Dome, Antarctica (75-year smoothed)"
1700,276.7,"Law Dome, Antarctica (75-year smoothed)"
1705,276.8,"Law Dome, Antarctica (75-year smoothed)"
1710,276.9,"Law Dome, Antarctica (75-year smoothed)"
1715,277,"Law Dome, Antarctica (75-year smoothed)"
1720,277,"Law Dome, Antarctica (75-year smoothed)"
1725,277,"Law Dome, Antarctica (75-year smoothed)"
1730,277,"Law Dome, Antarctica (75-year smoothed)"
1735,276.9,"Law Dome, Antarctica (75-year smoothed)"
1740,276.9,"Law Dome, Antarctica (75-year smoothed)"
1744,276.8,"Siple Station, Antarctica"
1745,276.9,"Law Dome, Antarctica (75-year smoothed)"
1750,277,"Law Dome, Antarctica (75-year smoothed)"
1755,277.2,"Law Dome, Antarctica (75-year smoothed)"
1760,277.6,"Law Dome, Antarctica (75-year smoothed)"
1764,276.7,"Siple Station, Antarctica"
1765,278,"Law Dome, Antarctica (75-year smoothed)"
1770,278.6,"Law Dome, Antarctica (75-year smoothed)"
1775,279.3,"Law Dome, Antarctica (75-year smoothed)"
1780,280.1,"Law Dome, Antarctica (75-year smoothed)"
1785,280.8,"Law Dome, Antarctica (75-year smoothed)"
1790,281.6,"Law Dome, Antarctica (75-year smoothed)"
1791,279.7,"Siple Station, Antarctica"
1795,282.3,"Law Dome, Antarctica (75-year smoothed)"
1800,282.9,"Law Dome, Antarctica (75-year smoothed)"
1805,283.4,"Law Dome, Antarctica (75-year smoothed)"
1810,283.8,"Law Dome, Antarctica (75-year smoothed)"
1813,280.4,"EPICA Dome C and  Vostok Station,  Antarctica"
1815,284,"Law Dome, Antarctica (75-year smoothed)"
1816,283.8,"Siple Station, Antarctica"
1820,284.2,"Law Dome, Antarctica (75-year smoothed)"
1825,284.3,"Law Dome, Antarctica (75-year smoothed)"
1830,284.4,"Law Dome, Antarctica (75-year smoothed)"
1835,284.5,"Law Dome, Antarctica (75-year smoothed)"
1839,283.1,"Siple Station, Antarctica"
1840,284.6,"Law Dome, Antarctica (75-year smoothed)"
1843,287.4,"Siple Station, Antarctica"
1845,284.8,"Law Dome, Antarctica (75-year smoothed)"
1847,286.8,"Siple Station, Antarctica"
1850,285.2,"Law Dome, Antarctica (75-year smoothed)"
1854,288.2,"Siple Station, Antarctica"
1855,285.7,"Law Dome, Antarctica (75-year smoothed)"
1860,286.3,"Law Dome, Antarctica (75-year smoothed)"
1865,287.2,"Law Dome, Antarctica (75-year smoothed)"
1869,289.3,"Siple Station, Antarctica"
1870,288.2,"Law Dome, Antarctica (75-year smoothed)"
1874,289.5,"Siple Station, Antarctica"
1875,289.4,"Law Dome, Antarctica (75-year smoothed)"
1878,290.3,"Siple Station, Antarctica"
1880,290.8,"Law Dome, Antarctica (75-year smoothed)"
1885,292.3,"Law Dome, Antarctica (75-year smoothed)"
1887,292.3,"Siple Station, Antarctica"
1890,293.7,"Law Dome, Antarctica (75-year smoothed)"
1895,295.2,"Law Dome, Antarctica (75-year smoothed)"
1899,295.8,"Siple Station, Antarctica"
1900,296.7,"Law Dome, Antarctica (75-year smoothed)"
1903,294.8,"Siple Station, Antarctica"
1905,296.9,"Siple Station, Antarctica"
1905,298.2,"Law Dome, Antarctica (75-year smoothed)"
1909,299.2,"Siple Station, Antarctica"
1910,299.9,"Law Dome, Antarctica (75-year smoothed)"
1915,300.5,"Siple Station, Antarctica"
1915,301.5,"Law Dome, Antarctica (75-year smoothed)"
1920,303.2,"Law Dome, Antarctica (75-year smoothed)"
1921,301.6,"Siple Station, Antarctica"
1925,304.9,"Law Dome, Antarctica (75-year smoothed)"
1927,305.5,"Siple Station, Antarctica"
1930,306.5,"Law Dome, Antarctica (75-year smoothed)"
1935,306.6,"Siple Station, Antarctica"
1935,308,"Law Dome, Antarctica (75-year smoothed)"
1940,309.3,"Law Dome, Antarctica (75-year smoothed)"
1943,307.9,"Siple Station, Antarctica"
1945,310.5,"Law Dome, Antarctica (75-year smoothed)"
1950,312,"Law Dome, Antarctica (75-year smoothed)"
1953,312.7,"Siple Station, Antarctica"
1955,314.1,"Law Dome, Antarctica (75-year smoothed)"
